favorite_odds,true_probability,outcome,sport,year
-200,0.564405994097654,1,UFC/MMA,2020
-250,0.6959451092344692,1,UFC/MMA,2025
-300,0.6565262807032525,1,UFC/MMA,2022
-300,0.7071280021792983,1,UFC/MMA,2022
-200,0.6608222540475663,1,UFC/MMA,2021
-500,0.6938062001192069,1,UFC/MMA,2023
-350,0.7333764102343961,1,UFC/MMA,2020
-400,0.6587625906893272,0,UFC/MMA,2018
-150,0.5899873074947044,1,UFC/MMA,2021
-180,0.6673719910523319,0,UFC/MMA,2021
-250,0.7211272456051595,1,UFC/MMA,2023
-180,0.5589578175014489,0,UFC/MMA,2022
-500,0.7809319158026932,0,UFC/MMA,2025
-250,0.7240880519474305,1,UFC/MMA,2023
-200,0.5460739004816286,0,UFC/MMA,2019
-500,0.7340077895802646,1,UFC/MMA,2022
-150,0.6491061397356519,0,UFC/MMA,2018
-300,0.724387422979668,0,UFC/MMA,2019
-150,0.6365631715701782,1,UFC/MMA,2025
-200,0.668777256356118,0,UFC/MMA,2022
-350,0.7717397709615214,1,UFC/MMA,2022
-500,0.7848280692164485,0,UFC/MMA,2022
-250,0.6782086980445025,1,UFC/MMA,2024
-150,0.6982321827907003,1,UFC/MMA,2020
-150,0.5490624770704299,1,UFC/MMA,2023
-150,0.672124580866971,1,UFC/MMA,2024
-350,0.6895753198553406,0,UFC/MMA,2022
-180,0.5949121478207732,1,UFC/MMA,2021
-350,0.7985931066774888,0,UFC/MMA,2024
-450,0.7787776646977417,1,UFC/MMA,2020
-200,0.6348060138532288,1,UFC/MMA,2025
-250,0.6930527636089945,1,UFC/MMA,2018
-150,0.6426468163266754,1,UFC/MMA,2025
-250,0.6716969545824468,1,UFC/MMA,2023
-500,0.6740614392350479,1,UFC/MMA,2018
-180,0.6186743062275392,0,UFC/MMA,2021
-150,0.6438877049716764,1,UFC/MMA,2019
-250,0.6670485677630555,1,UFC/MMA,2023
-180,0.677141140725751,1,UFC/MMA,2024
-350,0.7675966516343387,1,UFC/MMA,2019
-300,0.6359679590735116,0,UFC/MMA,2021
-250,0.6838447474292286,0,UFC/MMA,2020
-250,0.6024668284466934,0,UFC/MMA,2021
-450,0.7734281487403014,1,UFC/MMA,2024
-450,0.7505867800511693,1,UFC/MMA,2024
-250,0.6357243813085576,0,UFC/MMA,2024
-300,0.6913729967302065,1,UFC/MMA,2019
-500,0.8353571377141215,0,UFC/MMA,2022
-450,0.6979979276158101,1,UFC/MMA,2025
-400,0.789536362805682,0,UFC/MMA,2023
-350,0.6959987639210754,1,UFC/MMA,2023
-300,0.6916126848580503,1,UFC/MMA,2025
-150,0.6287416505995735,0,UFC/MMA,2025
-500,0.7091572553820381,1,UFC/MMA,2021
-180,0.6779297789503702,1,UFC/MMA,2024
-350,0.6889658840824144,1,UFC/MMA,2025
-150,0.5515064471641852,1,UFC/MMA,2023
-500,0.7314109625253371,1,UFC/MMA,2025
-300,0.6806500945938954,1,UFC/MMA,2025
-400,0.8026767038578658,1,UFC/MMA,2025
-180,0.6220990032235011,1,UFC/MMA,2021
-250,0.6731364091451092,1,UFC/MMA,2023
-200,0.6436618812286773,0,UFC/MMA,2018
-150,0.6163585543671564,1,UFC/MMA,2025
-400,0.6836976690394261,1,UFC/MMA,2024
-400,0.7043517341182189,0,UFC/MMA,2023
-150,0.6229104359223,0,UFC/MMA,2018
-400,0.6728514851084688,1,UFC/MMA,2023
-200,0.6652560979978279,0,UFC/MMA,2018
-300,0.6498047813757736,1,UFC/MMA,2024
-250,0.7085445255346584,1,UFC/MMA,2025
-150,0.6767782820090299,0,UFC/MMA,2024
-200,0.6282511399054669,1,UFC/MMA,2018
-180,0.5772035541085316,0,UFC/MMA,2023
-250,0.6564034067105283,1,UFC/MMA,2018
-400,0.7844475298483683,1,UFC/MMA,2021
-300,0.7994517978696232,1,UFC/MMA,2021
-150,0.7121706879160267,0,UFC/MMA,2019
-200,0.5869106767615806,1,UFC/MMA,2024
-180,0.6626216667398112,1,UFC/MMA,2023
-400,0.6914090461121623,1,UFC/MMA,2018
-200,0.7030650865304077,1,UFC/MMA,2023
-300,0.6169558022832478,0,UFC/MMA,2024
-300,0.7258930973527389,1,UFC/MMA,2022
-200,0.5834629298385173,0,UFC/MMA,2018
-200,0.5560040133368435,1,UFC/MMA,2024
-150,0.6421909714073114,1,UFC/MMA,2019
-350,0.7687317026714668,0,UFC/MMA,2021
-180,0.5202519214221175,0,UFC/MMA,2022
-400,0.664990357920328,1,UFC/MMA,2019
-300,0.738158187607748,1,UFC/MMA,2021
-300,0.6805116530509794,0,UFC/MMA,2019
-150,0.6523581348393522,1,UFC/MMA,2019
-250,0.6863047413912015,1,UFC/MMA,2022
-250,0.6724107452482209,0,UFC/MMA,2019
-180,0.6494158603242288,1,UFC/MMA,2021
-150,0.595678361697382,1,UFC/MMA,2019
-300,0.690379913064286,1,UFC/MMA,2020
-180,0.6378507742982523,1,UFC/MMA,2022
-150,0.5853545202369673,1,UFC/MMA,2022
-180,0.6475868505232537,0,UFC/MMA,2018
-350,0.6944936021036258,1,UFC/MMA,2018
-350,0.7573548690585019,0,UFC/MMA,2018
-300,0.6698903673783053,0,UFC/MMA,2020
-150,0.6206073254536613,0,UFC/MMA,2023
-180,0.666546704198704,1,UFC/MMA,2021
-150,0.6362083176244221,0,UFC/MMA,2020
-250,0.6734928472816158,1,UFC/MMA,2022
-180,0.6802461460889287,0,UFC/MMA,2024
-350,0.6701669765393239,1,UFC/MMA,2022
-250,0.6837902279096864,1,UFC/MMA,2024
-250,0.6461419144243945,0,UFC/MMA,2024
-150,0.6506920670737713,1,UFC/MMA,2024
-200,0.6878940394049994,1,UFC/MMA,2018
-400,0.7064480847190838,1,UFC/MMA,2020
-250,0.6916024968678819,0,UFC/MMA,2023
-350,0.6967886278347788,1,UFC/MMA,2022
-200,0.6880055683124086,0,UFC/MMA,2019
-450,0.7690491896048656,1,UFC/MMA,2021
-250,0.6298735317681096,0,UFC/MMA,2025
-150,0.6835569112990457,1,UFC/MMA,2023
-200,0.6585431550732019,1,UFC/MMA,2018
-400,0.7412046240905208,1,UFC/MMA,2020
-300,0.6806296200390898,1,UFC/MMA,2024
-300,0.6584028899195814,1,UFC/MMA,2023
-200,0.7129983503243464,0,UFC/MMA,2020
-180,0.7294901466608836,1,UFC/MMA,2021
-300,0.6395850857322425,1,UFC/MMA,2021
-250,0.584364674146789,0,UFC/MMA,2021
-180,0.6381238229402652,1,UFC/MMA,2020
-400,0.6639883396489679,0,UFC/MMA,2019
-250,0.7715729382927178,1,UFC/MMA,2025
-200,0.6347738762211592,1,UFC/MMA,2023
-400,0.675132706571667,1,UFC/MMA,2018
-250,0.6002786170602816,1,UFC/MMA,2023
-300,0.6500312488523114,1,UFC/MMA,2022
-500,0.8458116661466948,0,UFC/MMA,2019
-200,0.6356229240548974,1,UFC/MMA,2018
-150,0.626014781585595,1,UFC/MMA,2018
-350,0.7557219417029374,1,UFC/MMA,2024
-150,0.6321166843041556,0,UFC/MMA,2020
-200,0.722369946056512,0,UFC/MMA,2021
-250,0.6675517925760464,1,UFC/MMA,2024
-200,0.6685785475477177,0,UFC/MMA,2023
-300,0.6583174836614076,1,UFC/MMA,2023
-300,0.66288456806878,1,UFC/MMA,2024
-200,0.606529658277772,1,UFC/MMA,2025
-450,0.8058771127897981,1,UFC/MMA,2019
-400,0.7292640870682532,1,UFC/MMA,2025
-150,0.6598202714848164,1,UFC/MMA,2019
-200,0.5547765249747574,1,UFC/MMA,2018
-250,0.713483627441502,1,UFC/MMA,2020
-150,0.5649374047576444,1,UFC/MMA,2020
-400,0.7543836637461647,1,UFC/MMA,2025
-180,0.593487119081378,1,UFC/MMA,2022
-250,0.6403563583868829,1,UFC/MMA,2021
-180,0.6228737001512148,0,UFC/MMA,2018
-150,0.5058598754979601,1,UFC/MMA,2023
-150,0.6143835975154585,0,UFC/MMA,2018
-250,0.6689515200233389,0,UFC/MMA,2024
-200,0.7387070871700299,1,UFC/MMA,2025
-350,0.7144637867691402,1,UFC/MMA,2020
-180,0.6488278481527883,1,UFC/MMA,2024
-150,0.6355625077271768,0,UFC/MMA,2023
-250,0.6394747076510391,1,UFC/MMA,2019
-250,0.6347729058106465,0,UFC/MMA,2023
-200,0.7043570817536282,0,UFC/MMA,2022
-250,0.7240819878474726,1,UFC/MMA,2023
-250,0.6579747720563238,1,UFC/MMA,2018
-200,0.699101909148189,0,UFC/MMA,2025
-250,0.610071621309043,1,UFC/MMA,2023
-200,0.6481484618345286,1,UFC/MMA,2023
-180,0.5785708114490632,0,UFC/MMA,2024
-150,0.5927415400334078,1,UFC/MMA,2022
-500,0.7580525976566795,0,UFC/MMA,2021
-150,0.5746218168979201,0,UFC/MMA,2023
-180,0.6464158304815188,1,UFC/MMA,2025
-250,0.6903751742579568,0,UFC/MMA,2022
-180,0.5818370421728741,1,UFC/MMA,2018
-250,0.589755894966774,0,UFC/MMA,2023
-180,0.5630429135705058,1,UFC/MMA,2020
-250,0.6933871332851631,1,UFC/MMA,2025
-150,0.670314640460722,1,UFC/MMA,2022
-150,0.5911554065238426,1,UFC/MMA,2024
-250,0.5914878405829054,0,UFC/MMA,2023
-350,0.6783685465482853,1,UFC/MMA,2022
-350,0.734329489373645,1,UFC/MMA,2025
-350,0.722216138230396,0,UFC/MMA,2022
-180,0.604076074467483,0,UFC/MMA,2020
-300,0.6640471489466829,0,UFC/MMA,2018
-400,0.7900606961081972,1,UFC/MMA,2023
-400,0.7095962313489224,1,UFC/MMA,2018
-350,0.6509874031628237,0,UFC/MMA,2024
-250,0.6808026709321966,1,UFC/MMA,2025
-300,0.606070687711008,1,UFC/MMA,2024
-400,0.7871877021603464,1,UFC/MMA,2023
-400,0.7056302488039425,1,UFC/MMA,2022
-350,0.7501910279339653,1,UFC/MMA,2021
-250,0.7039489912873197,1,UFC/MMA,2023
-250,0.6966831052643475,1,UFC/MMA,2022
-150,0.6843487481924797,1,UFC/MMA,2024
-200,0.597768122087718,0,UFC/MMA,2020
-300,0.7006717451611851,1,UFC/MMA,2022
-400,0.8238397906279032,0,UFC/MMA,2025
-250,0.6354578328774462,0,UFC/MMA,2021
-450,0.65376401692738,1,UFC/MMA,2019
-300,0.6854697397302447,0,UFC/MMA,2025
-150,0.6562883311949346,1,UFC/MMA,2018
-250,0.6129277421100152,0,UFC/MMA,2025
-400,0.8243414056062118,0,UFC/MMA,2018
-150,0.6227862456144347,1,UFC/MMA,2022
-200,0.6747095759235474,0,UFC/MMA,2019
-350,0.7726123244515134,0,UFC/MMA,2019
-250,0.5639631313010935,1,UFC/MMA,2020
-250,0.6670204324318199,1,UFC/MMA,2025
-250,0.6048428523440947,1,UFC/MMA,2022
-450,0.8240229934502675,1,UFC/MMA,2021
-180,0.5277547379851953,1,UFC/MMA,2018
-500,0.7565555654722584,1,UFC/MMA,2022
-180,0.5646737045629164,1,UFC/MMA,2025
-150,0.580872814738276,0,UFC/MMA,2025
-250,0.7137140234373388,1,UFC/MMA,2022
-250,0.6443577108661418,0,UFC/MMA,2024
-250,0.6853215113845949,1,UFC/MMA,2018
-200,0.5611235817362532,1,UFC/MMA,2022
-150,0.6301850899069424,0,UFC/MMA,2019
-180,0.5644712077267086,1,UFC/MMA,2021
-400,0.8176135221711811,0,UFC/MMA,2025
-150,0.5847764948270235,0,UFC/MMA,2022
-250,0.6435842425026057,1,UFC/MMA,2022
-180,0.5588936095554027,1,UFC/MMA,2025
-500,0.8056499215086195,1,UFC/MMA,2023
-400,0.8123198621339986,1,UFC/MMA,2024
-200,0.5696455317846869,1,UFC/MMA,2019
-150,0.6363066511121059,1,UFC/MMA,2019
-450,0.7074443211807349,1,UFC/MMA,2020
-180,0.685788325414108,1,UFC/MMA,2022
-200,0.5323446476530892,0,UFC/MMA,2018
-200,0.6305508733601309,0,UFC/MMA,2025
-150,0.6151643444064804,1,UFC/MMA,2020
-400,0.7132142463556714,1,UFC/MMA,2023
-350,0.7973022103732359,1,UFC/MMA,2018
-180,0.6285432719063971,0,UFC/MMA,2019
-450,0.760800833182366,1,UFC/MMA,2022
-150,0.5385203507011836,0,UFC/MMA,2018
-250,0.7075931827654751,0,UFC/MMA,2022
-150,0.6328014867156938,1,UFC/MMA,2018
-250,0.7291345491972757,1,UFC/MMA,2018
-200,0.6391806976908385,1,UFC/MMA,2021
-500,0.6515139295257777,1,UFC/MMA,2022
-300,0.6494241098504027,1,UFC/MMA,2025
-450,0.6996669451575889,0,UFC/MMA,2025
-250,0.7840657328382572,0,UFC/MMA,2022
-250,0.6647723180756372,1,UFC/MMA,2024
-180,0.5912181086881113,1,UFC/MMA,2022
-180,0.626100490732268,1,UFC/MMA,2019
-150,0.628992270936403,1,UFC/MMA,2020
-250,0.6632573863811944,1,UFC/MMA,2020
-350,0.761620386952776,1,UFC/MMA,2019
-150,0.6686277224813365,1,UFC/MMA,2020
-450,0.7040326055431297,1,UFC/MMA,2025
-350,0.7186877390495662,1,UFC/MMA,2018
-300,0.7216961077274453,1,UFC/MMA,2018
-300,0.7029590039614219,1,UFC/MMA,2018
-450,0.810924236731927,1,UFC/MMA,2022
-350,0.7366923827123,1,UFC/MMA,2025
-500,0.7680222423071673,0,UFC/MMA,2024
-250,0.7140750348686312,1,UFC/MMA,2024
-150,0.549742003881777,1,UFC/MMA,2019
-400,0.7550516671758672,1,UFC/MMA,2019
-350,0.720656417791932,1,UFC/MMA,2022
-300,0.6580134470862913,0,UFC/MMA,2018
-400,0.6625268214287238,1,UFC/MMA,2019
-500,0.7992751730429289,1,UFC/MMA,2022
-250,0.6541355774949814,1,UFC/MMA,2018
-250,0.750467372009279,1,UFC/MMA,2018
-350,0.6459089837433385,0,UFC/MMA,2023
-150,0.5320700500002926,1,UFC/MMA,2025
-180,0.5697929616623966,1,UFC/MMA,2018
-450,0.7316101217447936,1,UFC/MMA,2024
-200,0.5664710960161417,0,UFC/MMA,2022
-180,0.6541311618228574,1,UFC/MMA,2024
-400,0.7275268145173783,1,UFC/MMA,2018
-350,0.7637409746083301,1,UFC/MMA,2025
-450,0.8283551457191818,1,UFC/MMA,2019
-150,0.7010554278893858,1,UFC/MMA,2018
-180,0.5881306436346742,1,UFC/MMA,2024
-180,0.6794508265553776,1,UFC/MMA,2021
-500,0.7513300365811716,0,UFC/MMA,2023
-500,0.7113214896493938,0,UFC/MMA,2020
-180,0.630146151042565,1,UFC/MMA,2023
-400,0.6542127942501383,1,UFC/MMA,2025
-180,0.6471749551394671,1,UFC/MMA,2020
-180,0.6741804826952735,1,UFC/MMA,2023
-180,0.6183436513563101,1,UFC/MMA,2021
-150,0.7097278931758894,0,UFC/MMA,2022
-400,0.5559595585619957,0,UFC/MMA,2019
-250,0.6364888378928245,0,UFC/MMA,2025
-250,0.7091964092662982,0,UFC/MMA,2025
-180,0.602035395460647,1,UFC/MMA,2025
-300,0.7051208316093515,1,UFC/MMA,2024
-300,0.7228722965858704,1,UFC/MMA,2022
-400,0.7216440959841572,1,UFC/MMA,2023
-450,0.7773356843216661,1,UFC/MMA,2019
-400,0.7187143176215334,1,UFC/MMA,2023
-200,0.6201707375589205,1,UFC/MMA,2025
-180,0.6522742090570538,0,UFC/MMA,2023
-180,0.728162736165273,1,UFC/MMA,2018
-500,0.8304490972053233,0,UFC/MMA,2022
-350,0.6579252875968192,1,UFC/MMA,2021
-150,0.6736815874929886,1,UFC/MMA,2019
-250,0.6286742350294471,1,UFC/MMA,2025
-150,0.6383551133394033,1,UFC/MMA,2020
-400,0.7037097306343522,1,UFC/MMA,2025
-350,0.7022400236653401,1,UFC/MMA,2022
-450,0.8640578534720296,1,UFC/MMA,2018
-180,0.652431816736048,1,UFC/MMA,2019
-350,0.7793654449628312,1,UFC/MMA,2020
-180,0.652510058897933,1,UFC/MMA,2020
-500,0.7650412068110308,1,UFC/MMA,2022
-500,0.8148944269380172,1,UFC/MMA,2022
-180,0.6096716415784336,0,UFC/MMA,2025
-200,0.6158924410803716,0,UFC/MMA,2023
-180,0.6758647915794064,1,UFC/MMA,2025
-350,0.7529964512911071,1,UFC/MMA,2025
-180,0.6503757163574753,0,UFC/MMA,2019
-300,0.6755132152856387,1,UFC/MMA,2018
-300,0.7520058607724737,1,UFC/MMA,2018
-180,0.5829583796016149,1,UFC/MMA,2022
-250,0.6792855484305016,1,UFC/MMA,2025
-250,0.6573846840375462,1,UFC/MMA,2025
-300,0.5588060336685522,0,UFC/MMA,2021
-350,0.7287911511450935,1,UFC/MMA,2018
-150,0.5914497640180213,1,UFC/MMA,2024
-250,0.7551699150883576,1,UFC/MMA,2025
-450,0.8138681145287836,1,UFC/MMA,2018
-150,0.6065406934159305,1,UFC/MMA,2023
-200,0.6156930777258318,0,UFC/MMA,2019
-300,0.6514410505108602,1,UFC/MMA,2018
-500,0.798629139067808,1,UFC/MMA,2020
-150,0.7105990062067435,0,UFC/MMA,2019
-300,0.6978962864345885,0,UFC/MMA,2024
-350,0.7958697032817162,1,UFC/MMA,2020
-150,0.62987998023462,1,UFC/MMA,2023
-150,0.5684211876564921,0,UFC/MMA,2024
-150,0.593535088122689,1,UFC/MMA,2023
-300,0.6819001739084101,1,UFC/MMA,2020
-180,0.6260015663359131,1,UFC/MMA,2024
-180,0.6745523051082334,0,UFC/MMA,2022
-400,0.7244633285459652,1,UFC/MMA,2021
-200,0.6312225909279986,1,UFC/MMA,2022
-200,0.6723549151306077,1,UFC/MMA,2024
-450,0.6883523859729008,1,UFC/MMA,2023
-200,0.5913615787725737,1,UFC/MMA,2019
-300,0.6487218649245236,0,UFC/MMA,2025
-300,0.6997901766718705,1,UFC/MMA,2023
-500,0.7861900063802972,1,UFC/MMA,2023
-150,0.6054255010503254,1,UFC/MMA,2023
-250,0.7374382850186052,1,UFC/MMA,2020
-200,0.533014311061095,1,UFC/MMA,2020
-300,0.735386022514085,1,UFC/MMA,2022
-180,0.5845960566902929,1,UFC/MMA,2019
-150,0.6238410945530127,1,UFC/MMA,2023
-150,0.5558503887905715,1,UFC/MMA,2025
-300,0.6380806254441058,1,UFC/MMA,2018
-300,0.7060332210267105,1,UFC/MMA,2021
-250,0.6990967726115778,1,UFC/MMA,2024
-250,0.7015020823595536,1,UFC/MMA,2021
-180,0.6224192559142901,0,UFC/MMA,2022
-300,0.6456228274330205,1,UFC/MMA,2022
-450,0.7739317595158045,1,UFC/MMA,2019
-200,0.5200899657733946,1,UFC/MMA,2020
-150,0.6269671296810632,0,UFC/MMA,2024
-180,0.6426267445910667,1,UFC/MMA,2024
-300,0.7354091408368759,1,UFC/MMA,2024
-180,0.5680047036437235,1,UFC/MMA,2024
-300,0.7336543672705157,1,UFC/MMA,2019
-300,0.671801956019904,0,UFC/MMA,2020
-300,0.8001707792619138,0,UFC/MMA,2025
-350,0.7271190601483207,1,UFC/MMA,2018
-300,0.6261669745911168,0,UFC/MMA,2022
-300,0.7134203980471183,1,UFC/MMA,2023
-300,0.6767930826703504,0,UFC/MMA,2018
-150,0.636438120515174,1,UFC/MMA,2020
-400,0.6457607302589768,0,UFC/MMA,2023
-450,0.7233138873629888,0,UFC/MMA,2024
-200,0.6124972206483736,1,UFC/MMA,2018
-200,0.6262788226735772,0,UFC/MMA,2019
-200,0.5757418250500076,1,UFC/MMA,2018
-250,0.7576280907744821,1,UFC/MMA,2023
-150,0.7021007580068185,1,UFC/MMA,2023
-250,0.7304908544671318,1,UFC/MMA,2025
-250,0.657287786242337,1,UFC/MMA,2021
-150,0.6190032302377095,1,UFC/MMA,2024
-250,0.749213640925526,0,UFC/MMA,2019
-300,0.708195456002618,1,UFC/MMA,2022
-180,0.6073657155999518,0,UFC/MMA,2024
-180,0.6396042264850434,1,UFC/MMA,2020
-150,0.5353521592902307,1,UFC/MMA,2020
-450,0.7650830186602625,1,UFC/MMA,2025
-200,0.6957258781294791,1,UFC/MMA,2021
-400,0.7686541594588763,1,UFC/MMA,2024
-300,0.685268775307298,0,UFC/MMA,2025
-350,0.6632987252540897,1,UFC/MMA,2025
-500,0.8398707351530186,1,UFC/MMA,2025
-250,0.6762427916594992,1,UFC/MMA,2022
-300,0.6824430035162853,1,UFC/MMA,2018
-300,0.6820295845601941,1,UFC/MMA,2018
-400,0.7162338388247285,1,UFC/MMA,2022
-200,0.6575687993537973,0,UFC/MMA,2021
-200,0.5863254687878066,0,UFC/MMA,2018
-200,0.6339497081111901,1,UFC/MMA,2018
-350,0.7122946179276006,1,UFC/MMA,2025
-200,0.6426768916872588,1,UFC/MMA,2024
-250,0.6521254107496084,1,UFC/MMA,2023
-150,0.5515098510210461,1,UFC/MMA,2024
-300,0.608219058589328,0,UFC/MMA,2018
-150,0.5243446787410487,1,UFC/MMA,2023
-150,0.6484491539592637,1,UFC/MMA,2023
-180,0.7014198311564269,1,UFC/MMA,2021
-180,0.5649610358581657,1,UFC/MMA,2021
-200,0.5844350687619732,0,UFC/MMA,2021
-350,0.7416892955895373,0,UFC/MMA,2019
-300,0.6022052176898187,1,UFC/MMA,2019
-200,0.6547498950388437,0,UFC/MMA,2023
-200,0.7173271418757383,1,UFC/MMA,2019
-500,0.7969377996223185,1,UFC/MMA,2025
-200,0.5739663203460317,1,UFC/MMA,2024
-350,0.795700473732195,1,UFC/MMA,2025
-200,0.5592728255136796,1,UFC/MMA,2020
-180,0.6806548849989592,1,UFC/MMA,2023
-180,0.6270858456819952,0,UFC/MMA,2025
-150,0.6451868023106213,0,UFC/MMA,2023
-150,0.6491197979992032,1,UFC/MMA,2022
-200,0.5281897313448352,1,UFC/MMA,2024
-450,0.7953995663456273,0,UFC/MMA,2023
-450,0.782565282040319,0,UFC/MMA,2019
-250,0.6799224747082049,1,UFC/MMA,2023
-350,0.7759538241493884,0,UFC/MMA,2023
-150,0.6054862727905674,1,UFC/MMA,2023
-150,0.5606043595678968,0,UFC/MMA,2019
-500,0.752349197163722,1,UFC/MMA,2019
-400,0.7287486520627428,1,UFC/MMA,2023
-400,0.7708883149600143,1,UFC/MMA,2020
-200,0.601414354835355,1,UFC/MMA,2019
-250,0.6303843366981954,1,UFC/MMA,2022
-250,0.6764750610970455,1,UFC/MMA,2023
-400,0.7543250821913101,1,UFC/MMA,2024
-300,0.7070056355841564,1,UFC/MMA,2020
-200,0.5558750689439239,0,UFC/MMA,2019
-250,0.6874333728601056,0,UFC/MMA,2020
-180,0.6031457014440981,1,UFC/MMA,2021
-200,0.6351224857180062,1,UFC/MMA,2021
-300,0.6486035756623025,1,UFC/MMA,2022
-300,0.7274777067720662,1,UFC/MMA,2024
-350,0.6557551015775048,0,UFC/MMA,2024
-200,0.5946446052933696,1,UFC/MMA,2023
-180,0.5614479072912073,1,UFC/MMA,2022
-150,0.591174479963664,1,UFC/MMA,2024
-250,0.5504478853927546,0,UFC/MMA,2025
-250,0.6302946883478904,1,UFC/MMA,2024
-250,0.6784530501422188,1,UFC/MMA,2022
-250,0.6578358874404245,0,UFC/MMA,2025
-350,0.6857598642986549,1,UFC/MMA,2022
-250,0.69424449462861,0,UFC/MMA,2018
-300,0.6903546931116477,0,UFC/MMA,2019
-200,0.6538962935669634,1,UFC/MMA,2021
-350,0.7056044295927149,0,UFC/MMA,2024
-300,0.6938271833446333,1,UFC/MMA,2021
-250,0.7199749626752074,0,UFC/MMA,2022
-350,0.8306693623763312,1,UFC/MMA,2018
-350,0.7368267665541368,1,UFC/MMA,2020
-150,0.5798753633394176,1,UFC/MMA,2020
-500,0.8349405662423526,0,UFC/MMA,2020
-180,0.6792852077331498,1,UFC/MMA,2023
-150,0.6559476655332533,1,UFC/MMA,2018
-180,0.6503565550391809,1,UFC/MMA,2019
-150,0.6855579443159052,1,UFC/MMA,2021
-350,0.7527943886040803,1,UFC/MMA,2019
-200,0.7282501172450542,1,UFC/MMA,2020
-500,0.8427809345040559,1,UFC/MMA,2025
-300,0.76996357875095,1,UFC/MMA,2019
-200,0.5677595402989484,1,UFC/MMA,2018
-180,0.5216821705311999,1,UFC/MMA,2021
-150,0.6305235270765243,0,UFC/MMA,2020
-300,0.6717718464495703,1,UFC/MMA,2024
-400,0.7216439143106794,0,UFC/MMA,2022
-500,0.784128997524415,1,UFC/MMA,2023
-350,0.6780599085998722,1,UFC/MMA,2020
-180,0.6451450202457067,1,UFC/MMA,2022
-180,0.639984397587632,0,UFC/MMA,2024
-250,0.6474321553104085,1,UFC/MMA,2021
-350,0.8450205042723485,1,UFC/MMA,2024
-150,0.6737716531552519,1,UFC/MMA,2023
-400,0.7944876377041372,1,UFC/MMA,2019
-250,0.713659067563498,0,UFC/MMA,2021
-350,0.7943991236900969,1,UFC/MMA,2019
-350,0.7088594019457228,0,UFC/MMA,2020
-180,0.6798315743322826,1,UFC/MMA,2023
-400,0.6995108547840309,0,UFC/MMA,2021
-350,0.6575071717259546,1,UFC/MMA,2024
-250,0.624684590938583,1,UFC/MMA,2019
-200,0.7063481925616703,0,UFC/MMA,2020
-150,0.6000181907192699,0,UFC/MMA,2023
-300,0.7383274295488503,1,UFC/MMA,2024
-400,0.7013501097504526,1,UFC/MMA,2020
-150,0.6971054976283938,1,UFC/MMA,2023
-250,0.7803046444079562,1,UFC/MMA,2020
-180,0.6196478600537633,1,UFC/MMA,2023
-300,0.7456204310871316,0,UFC/MMA,2019
-300,0.6844203443145924,1,UFC/MMA,2021
-150,0.6938765040527631,0,UFC/MMA,2018
-150,0.6440029790043341,0,UFC/MMA,2020
-350,0.6617268988903909,1,UFC/MMA,2018
-200,0.6810516847762677,1,UFC/MMA,2023
-500,0.7991048851734308,1,UFC/MMA,2024
-250,0.6173325903439058,1,UFC/MMA,2019
-180,0.6374322172167111,0,UFC/MMA,2023
-400,0.7370443123455602,1,UFC/MMA,2022
-150,0.5315780317218575,0,UFC/MMA,2019
-400,0.711558488520373,0,UFC/MMA,2019
-450,0.7900885641279287,1,UFC/MMA,2019
-150,0.6186242547474682,1,UFC/MMA,2018
-150,0.7086125798334872,1,UFC/MMA,2023
-300,0.6997654731229243,1,UFC/MMA,2021
-150,0.5913281089228881,1,UFC/MMA,2019
-180,0.576100870662172,0,UFC/MMA,2025
-500,0.728655982298007,1,UFC/MMA,2024
-200,0.5936960983894021,1,UFC/MMA,2019
-250,0.6792990230871206,1,UFC/MMA,2019
-200,0.6568421948546217,1,UFC/MMA,2025
-250,0.6659336221440894,1,UFC/MMA,2025
-450,0.7645225354265398,1,UFC/MMA,2018
-250,0.6497993862537437,0,UFC/MMA,2022
-300,0.6946778966083316,1,UFC/MMA,2018
-450,0.7021709097688298,0,UFC/MMA,2022
-150,0.5986621441558823,1,UFC/MMA,2024
-300,0.652908250616568,1,UFC/MMA,2025
-150,0.6414408250165287,1,UFC/MMA,2023
-250,0.7146552803631573,1,UFC/MMA,2023
-250,0.6166829747187148,0,UFC/MMA,2025
-180,0.6171008026283883,1,UFC/MMA,2025
-200,0.6509577130502598,1,UFC/MMA,2025
-150,0.7228747734855849,1,UFC/MMA,2020
-150,0.5885757568051977,1,UFC/MMA,2021
-250,0.7101238604719742,0,UFC/MMA,2021
-250,0.6961539636558015,0,UFC/MMA,2021
-180,0.6073823248936856,0,UFC/MMA,2025
-500,0.7669478287265002,0,UFC/MMA,2018
-200,0.5832070775338583,0,UFC/MMA,2024
-300,0.6586821201897228,0,UFC/MMA,2020
-180,0.6774222854598377,1,UFC/MMA,2025
-180,0.6381285407513243,1,UFC/MMA,2024
-300,0.7484210977236339,1,UFC/MMA,2023
-250,0.7042366408647238,0,UFC/MMA,2024
-300,0.6376821672504563,1,UFC/MMA,2020
-180,0.5926746302745622,0,UFC/MMA,2021
-400,0.7042141465033499,1,UFC/MMA,2023
-300,0.681210972833638,0,UFC/MMA,2024
-250,0.7506110277707715,1,UFC/MMA,2023
-300,0.6205494358809983,1,UFC/MMA,2018
-150,0.6072374028948874,1,UFC/MMA,2021
-400,0.7397192150788667,1,UFC/MMA,2022
-180,0.6023416853594655,0,UFC/MMA,2023
-300,0.6648169238063002,0,UFC/MMA,2021
-200,0.5222361786844949,1,UFC/MMA,2023
-400,0.6800348883852545,0,UFC/MMA,2025
-150,0.5947612539385891,0,UFC/MMA,2020
-150,0.5868643114068535,0,UFC/MMA,2018
-200,0.5185163066130208,0,UFC/MMA,2018
-400,0.7501865045168304,1,UFC/MMA,2021
-350,0.7287902196804542,1,UFC/MMA,2020
-300,0.6598966627741665,0,UFC/MMA,2024
-150,0.6462132338821585,1,UFC/MMA,2019
-250,0.6299834337697213,1,UFC/MMA,2022
-200,0.5861127514737574,0,UFC/MMA,2021
-400,0.7661805293614438,1,UFC/MMA,2019
-300,0.7133730390819657,0,UFC/MMA,2020
-250,0.6733683126808714,1,UFC/MMA,2021
-200,0.5712735347664679,1,UFC/MMA,2020
-500,0.7606232939972564,1,UFC/MMA,2025
-150,0.5728717304278467,0,UFC/MMA,2023
-400,0.7556552899088042,1,UFC/MMA,2018
-400,0.7170226661208041,0,UFC/MMA,2023
-350,0.774433137677548,1,UFC/MMA,2024
-200,0.5936622283672505,1,UFC/MMA,2022
-250,0.6688267008814074,1,UFC/MMA,2025
-180,0.6025341601940901,0,UFC/MMA,2022
-180,0.6725055298054458,1,UFC/MMA,2021
-400,0.6868024389289596,0,UFC/MMA,2022
-250,0.6747775390731264,0,UFC/MMA,2023
-200,0.6115589138404994,1,UFC/MMA,2023
-400,0.6933106013107317,0,UFC/MMA,2020
-250,0.6818031695734814,0,UFC/MMA,2018
-450,0.8187598814891215,0,UFC/MMA,2018
-150,0.6450547084969922,0,UFC/MMA,2025
-200,0.693702802624404,1,UFC/MMA,2019
-180,0.6023993462573263,1,UFC/MMA,2022
-300,0.7619982264685697,1,UFC/MMA,2024
-150,0.6571063745535946,1,UFC/MMA,2021
-250,0.701211712985595,1,UFC/MMA,2024
-500,0.7771669583803116,1,UFC/MMA,2023
-150,0.5828764707150976,1,UFC/MMA,2019
-450,0.7039988744389647,1,UFC/MMA,2019
-500,0.7589902686496022,1,UFC/MMA,2020
-200,0.5166072636782004,1,UFC/MMA,2018
-250,0.6645395461475069,0,UFC/MMA,2018
-180,0.5823921797204709,1,UFC/MMA,2023
-450,0.7310424174035851,1,UFC/MMA,2025
-250,0.6702834227289837,0,UFC/MMA,2024
-400,0.8250595342876503,0,UFC/MMA,2022
-450,0.766966959309269,1,UFC/MMA,2025
-200,0.6615674633531627,0,UFC/MMA,2021
-300,0.6709260835210402,1,UFC/MMA,2019
-500,0.745846947415828,1,UFC/MMA,2024
-150,0.6273396505992774,0,UFC/MMA,2019
-150,0.5783853058440913,1,UFC/MMA,2020
-250,0.569542419045565,1,UFC/MMA,2018
-150,0.6087572009095961,0,UFC/MMA,2024
-300,0.6474998709588271,1,UFC/MMA,2020
-250,0.6903362023622498,0,UFC/MMA,2021
-300,0.7179469300060974,0,UFC/MMA,2022
-150,0.5628136896339669,1,UFC/MMA,2023
-250,0.6854279852888262,1,UFC/MMA,2024
-250,0.5820304886954628,0,UFC/MMA,2018
-150,0.6566324680364541,1,UFC/MMA,2020
-200,0.560318158412176,1,UFC/MMA,2019
-250,0.7259577086805001,1,UFC/MMA,2025
-400,0.6390346035667638,1,UFC/MMA,2019
-200,0.5853406586381791,1,UFC/MMA,2021
-300,0.6254516784892401,1,UFC/MMA,2021
-150,0.5994592856022708,0,UFC/MMA,2024
-180,0.6224789260242354,0,UFC/MMA,2020
-200,0.6119327894174104,0,UFC/MMA,2020
-200,0.6682425816548729,1,UFC/MMA,2021
-250,0.7607791411774116,1,UFC/MMA,2024
-300,0.6777014996041428,1,UFC/MMA,2020
-250,0.6226667642739548,1,UFC/MMA,2019
-150,0.6155818520397333,1,UFC/MMA,2019
-200,0.6014994485058937,1,UFC/MMA,2022
-180,0.61532829645415,0,UFC/MMA,2021
-500,0.7814491212530539,1,UFC/MMA,2022
-180,0.6146348927997886,1,UFC/MMA,2025
-350,0.7523858462905139,0,UFC/MMA,2018
-250,0.7586407320458591,0,UFC/MMA,2020
-200,0.6325226203863888,0,UFC/MMA,2022
-180,0.6115928090707605,1,UFC/MMA,2021
-400,0.7063954711151437,1,UFC/MMA,2018
-250,0.6714068506768355,1,UFC/MMA,2020
-180,0.56459177344046,0,UFC/MMA,2020
-400,0.7850479817499285,1,UFC/MMA,2022
-350,0.8279173727110297,1,UFC/MMA,2022
-250,0.6037739356690414,0,UFC/MMA,2022
-250,0.6920462498644735,1,UFC/MMA,2024
-400,0.7454025269752051,1,UFC/MMA,2018
-300,0.6604175716289105,1,UFC/MMA,2019
-450,0.7637691101904935,0,UFC/MMA,2021
-350,0.6713704195573629,1,UFC/MMA,2024
-200,0.5747133849568691,0,UFC/MMA,2024
-300,0.647311683067559,0,UFC/MMA,2020
-250,0.739697812999414,0,UFC/MMA,2021
-350,0.7131551087208254,1,UFC/MMA,2024
-150,0.6102545859823659,0,UFC/MMA,2025
-180,0.6766885048433532,1,UFC/MMA,2020
-200,0.7366622202142651,0,UFC/MMA,2025
-350,0.739614133719952,0,UFC/MMA,2023
-350,0.6913561166088196,1,UFC/MMA,2025
-350,0.7503526143562267,1,UFC/MMA,2020
-180,0.5932193330787294,1,UFC/MMA,2018
-200,0.6628308552312838,1,UFC/MMA,2024
-150,0.6600204762613842,1,UFC/MMA,2024
-400,0.7677145664906787,1,UFC/MMA,2024
-150,0.578987933527565,1,UFC/MMA,2023
-150,0.6187986070959698,1,UFC/MMA,2025
-150,0.5253192666523108,1,UFC/MMA,2024
-400,0.7406646853686469,1,UFC/MMA,2023
-150,0.6119317813495234,1,UFC/MMA,2021
-400,0.6945213853523388,1,UFC/MMA,2024
-450,0.8114737420965874,1,UFC/MMA,2022
-400,0.7203086930613598,1,UFC/MMA,2023
-500,0.6873540651080559,1,UFC/MMA,2023
-180,0.6801556323215402,0,UFC/MMA,2025
-200,0.7100255590755427,1,UFC/MMA,2025
-250,0.741947317646972,1,UFC/MMA,2023
-400,0.7418290875438098,1,UFC/MMA,2022
-450,0.838485438898489,1,UFC/MMA,2021
-250,0.6452643434455472,1,UFC/MMA,2020
-180,0.5995358780943448,1,UFC/MMA,2018
-150,0.5886904983889216,1,UFC/MMA,2023
-400,0.7307689490686052,1,UFC/MMA,2025
-150,0.6612549132333817,1,UFC/MMA,2020
-400,0.686643489214455,1,UFC/MMA,2018
-400,0.7813710767669386,0,UFC/MMA,2022
-200,0.5868139811510144,1,UFC/MMA,2025
-500,0.7832681174699815,1,UFC/MMA,2018
-450,0.7408620671194209,0,UFC/MMA,2024
-150,0.6461121840624005,0,UFC/MMA,2018
-180,0.5791798006949479,1,UFC/MMA,2021
-300,0.6491174052282825,0,UFC/MMA,2021
-500,0.7541963571986475,1,UFC/MMA,2023
-500,0.6283740214611896,1,UFC/MMA,2019
-300,0.6808445358121242,0,UFC/MMA,2018
-150,0.5973375795488494,0,UFC/MMA,2024
-300,0.7526233767235373,1,UFC/MMA,2023
-250,0.6663490119636991,0,UFC/MMA,2022
-150,0.6382562705991505,1,UFC/MMA,2025
-300,0.6365168459362653,0,UFC/MMA,2022
-300,0.7362717392207385,1,UFC/MMA,2018
-400,0.6860758581725965,1,UFC/MMA,2023
-350,0.6593732118289498,1,UFC/MMA,2024
-400,0.7185700042329991,1,UFC/MMA,2024
-200,0.5702825312695744,0,UFC/MMA,2021
-150,0.6469030860090904,1,UFC/MMA,2023
-350,0.7279159598805053,1,UFC/MMA,2025
-350,0.7519237869404863,1,UFC/MMA,2022
-150,0.6209808328846995,1,UFC/MMA,2018
-150,0.6690426724568738,1,UFC/MMA,2021
-300,0.6428885239904183,1,UFC/MMA,2025
-180,0.6282380420618259,0,UFC/MMA,2018
-250,0.6825443850928009,0,UFC/MMA,2024
-350,0.6163251870442348,1,UFC/MMA,2020
-300,0.6331855683796614,0,UFC/MMA,2019
-250,0.6712072797783964,1,UFC/MMA,2019
-500,0.8530735082864009,1,UFC/MMA,2025
-500,0.7968545416530572,1,UFC/MMA,2018
-180,0.6225813188355604,0,UFC/MMA,2024
-150,0.6840821897501884,1,UFC/MMA,2020
-500,0.7978845530362563,1,UFC/MMA,2021
-200,0.5614991174700543,1,UFC/MMA,2021
-200,0.6624281017237874,0,UFC/MMA,2018
-400,0.7140076238372578,1,UFC/MMA,2022
-250,0.687587899612437,1,UFC/MMA,2025
-150,0.6218930957504475,1,UFC/MMA,2022
-450,0.7992286313974785,0,UFC/MMA,2023
-180,0.6109804159118796,1,UFC/MMA,2022
-250,0.7486424237338265,1,UFC/MMA,2023
-200,0.6423930873875897,1,UFC/MMA,2023
-150,0.6385547025656961,1,UFC/MMA,2021
-500,0.6900937824058127,1,UFC/MMA,2020
-180,0.6431086333040972,1,UFC/MMA,2019
-500,0.7974354133992516,0,UFC/MMA,2019
-300,0.6509426977274992,1,UFC/MMA,2025
-500,0.7379256545477846,1,UFC/MMA,2025
-200,0.6443936142435537,1,UFC/MMA,2020
-300,0.6916077974871018,0,UFC/MMA,2023
-300,0.6198433698991654,0,UFC/MMA,2021
-200,0.5574796133015141,1,UFC/MMA,2019
-250,0.7102257663177683,0,UFC/MMA,2023
-200,0.6190125453232687,0,UFC/MMA,2019
-450,0.7456710054663096,1,UFC/MMA,2024
-450,0.7375313480839287,1,UFC/MMA,2022
-150,0.6860652016136506,1,UFC/MMA,2024
-250,0.7395979428058559,1,UFC/MMA,2021
-250,0.6503866734587442,1,UFC/MMA,2018
-180,0.6207136533918217,1,UFC/MMA,2018
-180,0.5723030290301677,0,UFC/MMA,2023
-400,0.6529876183984461,1,UFC/MMA,2020
-200,0.7191693117425856,0,UFC/MMA,2022
-200,0.6105439804611483,0,UFC/MMA,2019
-400,0.7760825055962229,1,UFC/MMA,2022
-250,0.6524639402152245,0,UFC/MMA,2021
-300,0.6286890180627487,1,UFC/MMA,2019
-450,0.6397893071686434,0,UFC/MMA,2025
-150,0.6299474073398247,0,UFC/MMA,2022
-350,0.6823910596630325,0,UFC/MMA,2024
-150,0.6411327532750802,1,UFC/MMA,2022
-150,0.6373838241769169,1,UFC/MMA,2018
-150,0.5956385717943223,1,UFC/MMA,2018
-500,0.7334243298051835,1,UFC/MMA,2020
-400,0.6788402244340852,1,UFC/MMA,2021
-500,0.8039686641478252,1,UFC/MMA,2022
-350,0.6725602982420672,1,UFC/MMA,2023
-200,0.6631798329623295,1,UFC/MMA,2023
-200,0.6489821614661323,0,UFC/MMA,2021
-500,0.7401244902654179,1,UFC/MMA,2018
-200,0.6911184930849253,1,UFC/MMA,2019
-300,0.704015232650665,1,UFC/MMA,2020
-300,0.6515308149925937,1,UFC/MMA,2018
-300,0.732597380886146,0,UFC/MMA,2023
-350,0.6800969686342794,0,UFC/MMA,2020
-200,0.6740971029870424,1,UFC/MMA,2018
-150,0.669776623454154,1,UFC/MMA,2022
-400,0.7719470250234806,1,UFC/MMA,2022
-180,0.5891373406726539,0,UFC/MMA,2022
-400,0.7829103523471954,1,UFC/MMA,2024
-250,0.7268780061102383,1,UFC/MMA,2019
-180,0.6547768878782889,1,UFC/MMA,2020
-350,0.7724551055371571,1,UFC/MMA,2023
-300,0.6769855504304194,1,UFC/MMA,2020
-250,0.7027397584821191,0,UFC/MMA,2018
-500,0.7703531579314088,1,UFC/MMA,2023
-150,0.5869839430263276,0,UFC/MMA,2023
-250,0.6301804155416467,0,UFC/MMA,2021
-300,0.6660063456916989,1,UFC/MMA,2019
-400,0.7829968192023311,1,UFC/MMA,2025
-450,0.8008502974788348,0,UFC/MMA,2024
-450,0.7734873424420524,1,UFC/MMA,2020
-180,0.5880117736277933,1,UFC/MMA,2023
-200,0.5885368303153605,1,UFC/MMA,2020
-200,0.696686385495825,1,UFC/MMA,2018
-300,0.6583881080417687,1,UFC/MMA,2021
-500,0.7618339596358051,0,UFC/MMA,2024
-300,0.6620115677105458,0,UFC/MMA,2025
-500,0.7036976156958981,1,UFC/MMA,2024
-200,0.5535842524267475,0,UFC/MMA,2022
-500,0.7738736859368616,1,UFC/MMA,2019
-300,0.5876906068880954,1,UFC/MMA,2020
-300,0.6335244569903795,1,UFC/MMA,2020
-180,0.6674223174930768,0,UFC/MMA,2020
-250,0.6157022613142588,1,UFC/MMA,2024
-500,0.7426659957706367,1,UFC/MMA,2021
-150,0.6064172444836974,1,UFC/MMA,2022
-150,0.6794955698620584,1,UFC/MMA,2018
-250,0.7306837870271932,1,UFC/MMA,2019
-400,0.7575738137619762,1,UFC/MMA,2023
-300,0.6970294608200249,1,UFC/MMA,2022
-200,0.6221889881356945,1,UFC/MMA,2021
-450,0.7572079431548454,1,UFC/MMA,2018
-400,0.75823029629468,0,UFC/MMA,2018
-250,0.6290167830653943,0,UFC/MMA,2019
-150,0.6358270163304316,1,UFC/MMA,2024
-350,0.739483043853171,1,UFC/MMA,2020
-150,0.707479195210271,1,UFC/MMA,2019
-300,0.7490727039345244,1,UFC/MMA,2024
-180,0.637959152459604,1,UFC/MMA,2024
-200,0.6483970871537565,1,UFC/MMA,2020
-180,0.6166410854975323,0,UFC/MMA,2019
-250,0.6442120005444625,1,UFC/MMA,2023
-500,0.790393839118766,0,UFC/MMA,2020
-180,0.6426265718179742,0,UFC/MMA,2020
-300,0.7234578032194637,1,UFC/MMA,2020
-350,0.7743645418633371,1,UFC/MMA,2022
-250,0.594110295209587,1,UFC/MMA,2023
-400,0.7442434321745208,1,UFC/MMA,2020
-250,0.6130697100138376,0,UFC/MMA,2019
-250,0.7146459311515806,1,UFC/MMA,2020
-450,0.7460474471319123,1,UFC/MMA,2021
-250,0.5913247833025194,1,UFC/MMA,2020
-250,0.6553438588800115,1,UFC/MMA,2018
-450,0.8421816001734407,1,UFC/MMA,2022
-150,0.6471352198988362,0,UFC/MMA,2022
-400,0.6780570105106559,1,UFC/MMA,2021
-180,0.5657424736721101,1,UFC/MMA,2024
-180,0.5787294735010522,0,UFC/MMA,2019
-400,0.6965964673951115,0,UFC/MMA,2025
-350,0.780276761298728,1,UFC/MMA,2018
-250,0.6685100184712404,1,UFC/MMA,2020
-200,0.5774296782869843,1,UFC/MMA,2022
-300,0.6887408884404389,0,UFC/MMA,2018
-150,0.6282327577679284,1,UFC/MMA,2024
-300,0.7077756323171125,1,UFC/MMA,2024
-200,0.5740656744256952,0,UFC/MMA,2022
-300,0.6856052473412259,1,UFC/MMA,2018
-200,0.7072319586629341,1,UFC/MMA,2025
-400,0.6945210072625414,1,UFC/MMA,2021
-150,0.5570747544662332,1,UFC/MMA,2020
-180,0.612695658923416,1,UFC/MMA,2024
-350,0.7003536733475989,1,UFC/MMA,2020
-250,0.6007008343881022,1,UFC/MMA,2019
-200,0.5260037807430478,0,UFC/MMA,2022
-250,0.7307614045832537,1,UFC/MMA,2025
-450,0.7579384466851324,1,UFC/MMA,2022
-150,0.5752326838818488,0,UFC/MMA,2024
-150,0.5995949580419889,0,UFC/MMA,2020
-180,0.5,1,UFC/MMA,2018
-400,0.7429786780740111,1,UFC/MMA,2020
-250,0.7532088619376219,1,UFC/MMA,2018
-350,0.7798429386732904,1,UFC/MMA,2025
-400,0.7480721018473663,1,UFC/MMA,2020
-180,0.6369173333460796,1,UFC/MMA,2022
-180,0.5799980717801176,1,UFC/MMA,2025
-150,0.6168237712692323,1,UFC/MMA,2019
-150,0.6062148903539567,1,UFC/MMA,2021
-400,0.777034807191134,1,UFC/MMA,2018
-150,0.6800039478213431,1,UFC/MMA,2025
-450,0.7454048776246898,1,UFC/MMA,2020
-180,0.5572850568532124,1,UFC/MMA,2023
-200,0.54645456214062,1,UFC/MMA,2020
-300,0.7125760995669753,1,UFC/MMA,2021
-300,0.6231157164787592,1,UFC/MMA,2025
-250,0.7498298445790632,0,UFC/MMA,2024
-300,0.7007323992552392,0,UFC/MMA,2020
-300,0.7501684985062596,1,UFC/MMA,2018
-200,0.6548951636269513,1,UFC/MMA,2019
-450,0.7970703784436294,1,UFC/MMA,2021
-400,0.8020858380475026,1,UFC/MMA,2023
-180,0.7104653174866555,1,UFC/MMA,2025
-250,0.6690977052303814,1,UFC/MMA,2022
-180,0.6625323833891126,1,UFC/MMA,2024
-250,0.6721628962108862,1,UFC/MMA,2019
-200,0.6455396044263797,0,UFC/MMA,2025
-250,0.7315290292812029,1,UFC/MMA,2020
-450,0.6988996737546234,1,UFC/MMA,2021
-250,0.7352530364901455,1,UFC/MMA,2020
-250,0.7224087106333335,0,UFC/MMA,2021
-250,0.6183738342615746,0,UFC/MMA,2025
-150,0.5725287836637117,1,UFC/MMA,2018
-250,0.7517367489832173,1,UFC/MMA,2022
-400,0.7474825023649847,1,UFC/MMA,2019
-350,0.6517598614318972,1,UFC/MMA,2023
-400,0.7635370472975102,0,UFC/MMA,2023
-150,0.6053870119049115,0,UFC/MMA,2018
-250,0.7178394339993491,0,UFC/MMA,2022
-250,0.7106234397006802,1,UFC/MMA,2025
-200,0.6807398528447193,1,UFC/MMA,2024
-150,0.5901215682116517,1,UFC/MMA,2023
-150,0.6511034995153024,0,UFC/MMA,2025
-150,0.6864466659767705,1,UFC/MMA,2019
-250,0.7283380231304474,1,UFC/MMA,2018
-150,0.6365286696312717,0,UFC/MMA,2020
-200,0.5790785667028999,1,UFC/MMA,2020
-400,0.8066183862339058,1,UFC/MMA,2019
-200,0.5464597459163366,0,UFC/MMA,2021
-250,0.6870584649345771,0,UFC/MMA,2019
-300,0.6503822022173974,1,UFC/MMA,2019
-200,0.6261773847977791,0,UFC/MMA,2025
-450,0.7700689825503992,1,UFC/MMA,2024
-500,0.7061613523934457,1,UFC/MMA,2023
-180,0.6815437256577368,1,UFC/MMA,2021
-150,0.7042507139354255,1,UFC/MMA,2018
-400,0.7561539502001197,1,UFC/MMA,2021
-250,0.7465433590183584,1,UFC/MMA,2023
-250,0.5535219961152849,1,UFC/MMA,2022
-400,0.7151696270465101,1,UFC/MMA,2023
-250,0.5930467184447783,1,UFC/MMA,2025
-150,0.6756452833690466,1,UFC/MMA,2018
-300,0.6234692332531238,0,UFC/MMA,2024
-300,0.7111355611950134,1,UFC/MMA,2024
-180,0.6344326965403742,1,UFC/MMA,2024
-350,0.7337388133960984,1,UFC/MMA,2021
-150,0.609707028455983,1,UFC/MMA,2021
-180,0.5826710826729881,1,UFC/MMA,2019
-180,0.5348893366959995,0,UFC/MMA,2023
-300,0.6568592156830245,1,UFC/MMA,2025
-150,0.5815001966901271,0,UFC/MMA,2025
-500,0.7051941667875052,1,UFC/MMA,2021
-150,0.6640591671521003,1,UFC/MMA,2024
-150,0.6009879222034898,0,UFC/MMA,2020
-250,0.662018516377377,1,UFC/MMA,2025
-200,0.6350553669595871,1,UFC/MMA,2021
-180,0.5776676875566819,1,UFC/MMA,2024
-200,0.6187671359634253,0,UFC/MMA,2022
-200,0.7069425675926666,1,UFC/MMA,2020
-500,0.7539378616941045,1,UFC/MMA,2019
-200,0.6811926599286864,0,UFC/MMA,2018
-450,0.7768410914835647,1,UFC/MMA,2022
-250,0.6773797774711265,1,UFC/MMA,2020
-300,0.7652052758127746,1,UFC/MMA,2025
-200,0.5936918823226255,0,UFC/MMA,2023
-450,0.6717853738882194,0,UFC/MMA,2018
-180,0.7152068294786503,1,UFC/MMA,2024
-200,0.7012979457681032,0,UFC/MMA,2025
-200,0.5753837304905777,1,UFC/MMA,2021
-180,0.640104412910147,0,UFC/MMA,2020
-180,0.5925865602537461,0,UFC/MMA,2025
-250,0.7216666955890154,1,UFC/MMA,2023
-200,0.5933843867035105,1,UFC/MMA,2018
-350,0.7897569589916718,1,UFC/MMA,2022
-180,0.5648853925081788,1,UFC/MMA,2019
-250,0.7140679755221474,1,UFC/MMA,2021
-150,0.6348092402365507,1,UFC/MMA,2022
-180,0.6387608478578581,1,UFC/MMA,2018
-200,0.6184470533564549,0,UFC/MMA,2022
-450,0.7245158291509083,1,UFC/MMA,2020
-180,0.6165210895539387,1,UFC/MMA,2018
-300,0.7244993781108551,1,UFC/MMA,2023
-200,0.5936876071741289,0,UFC/MMA,2022
-300,0.7494168889104225,0,UFC/MMA,2025
-200,0.7405024324703566,0,UFC/MMA,2019
-350,0.7410745811639197,1,UFC/MMA,2025
-150,0.5157943530250706,0,UFC/MMA,2018
-350,0.8162348324880554,1,UFC/MMA,2025
-180,0.6324589335856948,1,UFC/MMA,2023
-300,0.6353253383056197,1,UFC/MMA,2019
-200,0.5932332456491889,0,UFC/MMA,2025
-250,0.697922680910481,0,UFC/MMA,2025
-450,0.7380004091611275,1,UFC/MMA,2025
-200,0.6116889257644925,1,UFC/MMA,2018
-180,0.6102651351941659,0,UFC/MMA,2024
-150,0.6167905911445751,0,UFC/MMA,2020
-300,0.621386977355425,0,UFC/MMA,2024
-250,0.737343959962595,1,UFC/MMA,2023
-180,0.6638023396264897,0,UFC/MMA,2019
-180,0.6936335337875491,1,UFC/MMA,2025
-200,0.5789911560476987,0,UFC/MMA,2024
-500,0.7074310876786304,0,UFC/MMA,2019
-450,0.786202851411078,1,UFC/MMA,2023
-200,0.5626154305092166,0,UFC/MMA,2020
-180,0.7237818771082919,0,UFC/MMA,2025
-180,0.6013863757857201,1,UFC/MMA,2025
-350,0.6825541739587582,1,UFC/MMA,2024
-200,0.707368159895778,0,UFC/MMA,2021
-200,0.5647794361244207,1,UFC/MMA,2023
-450,0.8161985229292202,1,UFC/MMA,2021
-400,0.747625248417844,1,UFC/MMA,2023
-300,0.651482431679316,0,UFC/MMA,2023
-250,0.6195482801505408,1,UFC/MMA,2022
-200,0.6080830913843215,1,UFC/MMA,2021
-350,0.7571739689335046,0,UFC/MMA,2023
-250,0.6899905216859358,0,UFC/MMA,2025
-200,0.6433358117002591,1,UFC/MMA,2022
-150,0.6453183488763127,1,UFC/MMA,2020
-500,0.8458197027626787,1,UFC/MMA,2023
-400,0.7601059160196242,1,UFC/MMA,2024
-180,0.5327834640360871,0,UFC/MMA,2023
-200,0.649112223878188,0,UFC/MMA,2024
-500,0.6746096221061304,1,UFC/MMA,2021
-150,0.5769807494610248,1,UFC/MMA,2023
-180,0.5491783185901903,0,UFC/MMA,2023
-400,0.7626596555290155,1,UFC/MMA,2023
-250,0.6156418215707875,0,UFC/MMA,2018
-250,0.6101440907443505,1,UFC/MMA,2023
-250,0.7416908616044647,1,UFC/MMA,2024
-150,0.6167666235004804,1,UFC/MMA,2022
-200,0.526512915015229,0,UFC/MMA,2023
-300,0.6605739612408495,1,UFC/MMA,2024
-250,0.6786584078145471,1,UFC/MMA,2023
-300,0.6543080691578614,1,UFC/MMA,2021
-250,0.6628725399571118,1,UFC/MMA,2024
-250,0.6885231885498286,0,UFC/MMA,2024
-300,0.6691773888614276,1,UFC/MMA,2025
-450,0.7384856777967429,1,UFC/MMA,2025
-300,0.6114163151384767,1,UFC/MMA,2025
-350,0.6945279498786227,1,UFC/MMA,2025
-300,0.6717235924323337,1,UFC/MMA,2020
-150,0.5860307715096825,0,UFC/MMA,2021
-200,0.5442764845409617,1,UFC/MMA,2020
-180,0.636079660566962,1,UFC/MMA,2019
-400,0.7985204846991933,1,UFC/MMA,2019
-200,0.6914728901022004,1,UFC/MMA,2022
-200,0.6587577747017391,1,UFC/MMA,2022
-150,0.6476520042926179,0,UFC/MMA,2022
-200,0.6566117253566327,1,UFC/MMA,2019
-180,0.6093303890696425,1,UFC/MMA,2018
-200,0.5291010387306423,1,UFC/MMA,2020
-400,0.7679856147742083,1,UFC/MMA,2025
-500,0.8453816779456842,1,UFC/MMA,2023
-400,0.6953923893961554,1,UFC/MMA,2018
-200,0.5846553716006325,0,UFC/MMA,2020
-500,0.8127777829510356,1,UFC/MMA,2023
-300,0.7021750860292263,1,UFC/MMA,2024
-250,0.6224065807706614,0,UFC/MMA,2018
-180,0.6049570126429586,0,UFC/MMA,2023
-350,0.6695261532290597,0,UFC/MMA,2023
-150,0.5633665474061552,1,UFC/MMA,2020
-400,0.7472177884643978,0,UFC/MMA,2024
-150,0.6445603832705998,0,UFC/MMA,2019
-450,0.7520985310126507,1,UFC/MMA,2025
-250,0.6620617031952427,1,UFC/MMA,2023
-350,0.7259238586590325,1,UFC/MMA,2024
-150,0.5334399348277538,0,UFC/MMA,2019
-150,0.6947469113726618,1,UFC/MMA,2024
-180,0.6079125180553276,1,UFC/MMA,2025
-150,0.6590035148695532,1,UFC/MMA,2020
-350,0.6946187052588987,0,UFC/MMA,2022
-150,0.5843913067911978,1,UFC/MMA,2023
-200,0.6538679760843211,1,UFC/MMA,2021
-350,0.6912482905288138,0,UFC/MMA,2024
-200,0.5581286680888714,0,UFC/MMA,2025
-180,0.6254704235916485,0,UFC/MMA,2022
-150,0.579681865143185,1,UFC/MMA,2025
-180,0.5527208299947517,0,UFC/MMA,2023
-200,0.5727126969651609,0,UFC/MMA,2022
-200,0.6504123095842484,1,UFC/MMA,2024
-180,0.5965429317460451,1,UFC/MMA,2024
-350,0.6585925752277451,1,UFC/MMA,2025
-400,0.6748165085734815,0,UFC/MMA,2022
-150,0.6034605387836222,1,UFC/MMA,2021
-150,0.6502611850509128,1,UFC/MMA,2022
-300,0.7357716648690568,0,UFC/MMA,2025
-300,0.603247987623382,1,UFC/MMA,2018
-250,0.5859994983046118,0,UFC/MMA,2024
-450,0.8164022535502846,1,UFC/MMA,2021
-300,0.7071414175635339,1,UFC/MMA,2021
-150,0.5723841809630601,0,UFC/MMA,2019
-300,0.6461502430770735,1,UFC/MMA,2020
-150,0.5973447066009644,0,UFC/MMA,2018
-450,0.8147361757323569,1,UFC/MMA,2019
-250,0.5971688396161113,0,UFC/MMA,2022
-250,0.6537775931868675,0,UFC/MMA,2018
-300,0.6395890795606682,1,UFC/MMA,2025
-180,0.6554964564600263,1,UFC/MMA,2019
-150,0.5776574516937317,1,UFC/MMA,2019
-200,0.6824809452648333,1,UFC/MMA,2019
-150,0.610719126604104,1,UFC/MMA,2021
-350,0.7139146891089283,1,UFC/MMA,2021
-180,0.6703721986597599,0,UFC/MMA,2022
-350,0.6672538665998854,1,UFC/MMA,2021
-250,0.641345827221476,1,UFC/MMA,2019
-150,0.6200250032516814,0,UFC/MMA,2019
-200,0.6420653575849623,1,UFC/MMA,2023
-350,0.6933421901445002,0,UFC/MMA,2025
-350,0.7891117014469158,0,UFC/MMA,2020
-180,0.6780349501798592,0,UFC/MMA,2025
-180,0.6793367310088665,1,UFC/MMA,2024
-150,0.6918167702852989,1,UFC/MMA,2018
-300,0.5814999772290563,1,UFC/MMA,2021
-450,0.8054359336758966,1,UFC/MMA,2021
-300,0.6692166181226185,0,UFC/MMA,2020
-180,0.5763519454773149,0,UFC/MMA,2022
-300,0.6151245180008885,1,UFC/MMA,2024
-350,0.6921071901997061,0,UFC/MMA,2021
-250,0.6369148464871871,1,UFC/MMA,2023
-300,0.6815015739582042,0,UFC/MMA,2020
-180,0.6058556639740187,1,UFC/MMA,2020
-400,0.6990463631741396,0,UFC/MMA,2020
-250,0.7438482693044094,1,UFC/MMA,2024
-200,0.6369011740550854,1,UFC/MMA,2021
-300,0.6403850803897947,1,UFC/MMA,2020
-300,0.6600450573089538,1,UFC/MMA,2021
-300,0.7066003099410972,1,UFC/MMA,2023
-150,0.6380830530623508,0,UFC/MMA,2022
-150,0.5970225529419122,0,UFC/MMA,2023
-180,0.5330944180227306,1,UFC/MMA,2025
-500,0.7673047575497131,1,UFC/MMA,2021
-350,0.6808848209811342,1,UFC/MMA,2025
-150,0.6790245438986481,1,UFC/MMA,2019
-180,0.7339200993264614,0,UFC/MMA,2019
-250,0.6253918183640955,1,UFC/MMA,2019
-180,0.6617375663162441,0,UFC/MMA,2025
-250,0.6398922704245178,0,UFC/MMA,2022
-500,0.8383077314136824,1,UFC/MMA,2023
-250,0.7153039456907566,1,UFC/MMA,2025
-450,0.7578659361593983,0,UFC/MMA,2022
-300,0.7411855170334646,1,UFC/MMA,2018
-300,0.6212579345808532,1,UFC/MMA,2021
-450,0.7440301814086937,1,UFC/MMA,2024
-200,0.602954606132696,0,UFC/MMA,2022
-200,0.5574651968505887,0,UFC/MMA,2018
-150,0.6210971904107666,1,UFC/MMA,2021
-200,0.5303053751066055,0,UFC/MMA,2025
-250,0.6122276248443856,1,UFC/MMA,2025
-350,0.7386263391461545,0,UFC/MMA,2018
-180,0.6455431494574159,1,UFC/MMA,2025
-250,0.5958670652938658,1,UFC/MMA,2022
-300,0.6287985704556811,1,UFC/MMA,2021
-180,0.624039581486099,1,UFC/MMA,2018
-150,0.5859472419692661,1,UFC/MMA,2025
-350,0.6891891377729017,1,UFC/MMA,2023
-150,0.6239071531484823,1,UFC/MMA,2022
-150,0.6089155710000467,1,UFC/MMA,2018
-250,0.6225314194892064,1,UFC/MMA,2025
-250,0.7935724872711398,0,UFC/MMA,2019
-200,0.5997801288408019,1,UFC/MMA,2022
-150,0.6479788530755234,1,UFC/MMA,2023
-250,0.6393234825316882,1,UFC/MMA,2023
-450,0.7588762551610867,0,UFC/MMA,2023
-300,0.782343109785978,1,UFC/MMA,2023
-150,0.5905045351067122,1,UFC/MMA,2024
-300,0.7222141614048709,1,UFC/MMA,2021
-150,0.6620367241064775,1,UFC/MMA,2022
-450,0.7803901253676657,0,UFC/MMA,2024
-400,0.7462920426073962,1,UFC/MMA,2022
-150,0.6804173908786781,1,UFC/MMA,2024
-300,0.7033272655725064,1,UFC/MMA,2025
-400,0.7973112878101374,1,UFC/MMA,2025
-180,0.675146386637133,1,UFC/MMA,2025
-400,0.8267660168299202,1,UFC/MMA,2022
-250,0.714770123727515,1,UFC/MMA,2022
-150,0.562949574512363,1,UFC/MMA,2019
-180,0.5930881907004423,1,UFC/MMA,2022
-500,0.7632072641805878,0,UFC/MMA,2025
-400,0.73094095248703,1,UFC/MMA,2022
-250,0.621417282634122,1,UFC/MMA,2020
-400,0.7573480547731645,1,UFC/MMA,2024
-350,0.7334422865641926,0,UFC/MMA,2023
-250,0.6594088315518172,0,UFC/MMA,2023
-250,0.6865963983385979,1,UFC/MMA,2019
-180,0.5381197541271664,1,UFC/MMA,2020
-300,0.6859800131333552,0,UFC/MMA,2018
-150,0.66889077748431,1,UFC/MMA,2021
-180,0.5147176529079838,1,UFC/MMA,2025
-200,0.5,1,UFC/MMA,2018
-150,0.6038281066227698,0,UFC/MMA,2025
-500,0.8465097599431676,1,UFC/MMA,2023
-250,0.7132463581150871,1,UFC/MMA,2021
-180,0.6510373777639712,1,UFC/MMA,2019
-200,0.6720094282396376,0,UFC/MMA,2022
-180,0.6790320456226072,0,UFC/MMA,2022
-300,0.6486343277024349,0,UFC/MMA,2022
-180,0.5436352154786095,0,UFC/MMA,2024
-150,0.5348932800012649,1,UFC/MMA,2021
-350,0.8156020142008946,0,UFC/MMA,2020
-150,0.532618174508587,1,UFC/MMA,2022
-300,0.6674906083396419,1,UFC/MMA,2022
-300,0.626501992170371,1,UFC/MMA,2023
-150,0.5717167598238396,1,UFC/MMA,2021
-350,0.8114583182450472,1,UFC/MMA,2019
-450,0.8384049240881907,1,UFC/MMA,2024
-250,0.6215629485753438,0,UFC/MMA,2019
-250,0.6748284387854858,1,UFC/MMA,2022
-180,0.5580473648736679,1,UFC/MMA,2024
-150,0.6802337219996852,1,UFC/MMA,2023
-200,0.5887950643837145,0,UFC/MMA,2018
-350,0.7643532897929458,1,UFC/MMA,2024
-200,0.6933270429639301,0,UFC/MMA,2021
-250,0.5876295807736043,1,UFC/MMA,2023
-450,0.7759778462299243,1,UFC/MMA,2023
-150,0.6520271467537386,1,UFC/MMA,2020
-150,0.6261539100828091,1,UFC/MMA,2025
-250,0.7089709491449485,0,UFC/MMA,2021
-180,0.5,1,UFC/MMA,2023
-250,0.6912169828389042,0,UFC/MMA,2020
-300,0.7252008777380657,1,UFC/MMA,2018
-250,0.6513902964853279,1,UFC/MMA,2024
-200,0.5804993598959461,1,UFC/MMA,2022
-250,0.7760183751072132,1,UFC/MMA,2024
-350,0.6688552490222218,0,UFC/MMA,2018
-180,0.5840496666159298,0,UFC/MMA,2024
-200,0.5418455250919793,0,UFC/MMA,2022
-350,0.8451819376052394,1,UFC/MMA,2019
-350,0.6560277888430138,1,UFC/MMA,2022
-350,0.762474868242962,1,UFC/MMA,2023
-150,0.6018040303255182,1,UFC/MMA,2020
-180,0.7224906047892963,1,UFC/MMA,2025
-150,0.6200341409478741,1,UFC/MMA,2023
-200,0.6479850236205711,1,UFC/MMA,2020
-400,0.7393769392206981,1,UFC/MMA,2024
-500,0.7207098095666087,1,UFC/MMA,2022
-200,0.6057922451035601,0,UFC/MMA,2024
-250,0.6456386734542996,1,UFC/MMA,2025
-300,0.5910285275574186,1,UFC/MMA,2021
-180,0.6498220568790877,0,UFC/MMA,2021
-350,0.6982857076155298,1,UFC/MMA,2020
-400,0.6545906072823036,1,UFC/MMA,2024
-180,0.5621510762428854,0,UFC/MMA,2019
-200,0.6329330573927694,1,UFC/MMA,2022
-400,0.740636988792883,0,UFC/MMA,2021
-150,0.6365742631010879,0,UFC/MMA,2018
-150,0.627088292948054,0,UFC/MMA,2020
-250,0.661998036562151,0,UFC/MMA,2023
-150,0.5835961451072339,1,UFC/MMA,2025
-200,0.6801523926102963,0,UFC/MMA,2021
-180,0.6587711866544688,0,UFC/MMA,2024
-150,0.6714728740799178,0,UFC/MMA,2021
-300,0.7236157690014225,1,UFC/MMA,2022
-150,0.6098136435979201,0,UFC/MMA,2021
-180,0.7103258105331005,0,UFC/MMA,2019
-250,0.7101547342474417,1,UFC/MMA,2024
-250,0.6374732360626478,0,UFC/MMA,2025
-400,0.7003463932783884,0,UFC/MMA,2024
-300,0.6957353153777235,0,UFC/MMA,2024
-400,0.701412697902197,1,UFC/MMA,2023
-200,0.6366303755162098,1,UFC/MMA,2020
-300,0.6107285865942755,1,UFC/MMA,2024
-400,0.7696642702582562,1,UFC/MMA,2025
-200,0.6412033430759225,1,UFC/MMA,2021
-250,0.681972352412037,1,UFC/MMA,2019
-200,0.6207613510308725,1,UFC/MMA,2023
-150,0.6723925565732578,1,UFC/MMA,2019
-150,0.6697790757001015,1,UFC/MMA,2022
-200,0.7051586304959019,0,UFC/MMA,2022
-400,0.6802298198487626,1,UFC/MMA,2019
-150,0.7113630752478507,0,UFC/MMA,2024
-200,0.6596587844109338,1,UFC/MMA,2018
-250,0.6738971433939361,1,UFC/MMA,2019
-180,0.6439409374106537,1,UFC/MMA,2023
-350,0.763978784258032,0,UFC/MMA,2024
-450,0.720242575907331,1,UFC/MMA,2019
-150,0.6109248418932166,0,UFC/MMA,2018
-300,0.6746756058409726,0,UFC/MMA,2022
-350,0.7073103757417958,1,UFC/MMA,2022
-250,0.6938679230982339,1,UFC/MMA,2019
-250,0.6788860510408143,1,UFC/MMA,2019
-250,0.6944205574358031,1,UFC/MMA,2020
-200,0.5918653987779884,0,UFC/MMA,2025
-350,0.7800912426840968,1,UFC/MMA,2018
-500,0.7451214580807397,1,UFC/MMA,2025
-150,0.6317694130274006,1,UFC/MMA,2020
-200,0.5537103114322877,1,UFC/MMA,2020
-450,0.6662205995460734,1,UFC/MMA,2024
-200,0.6156965153604553,0,UFC/MMA,2019
-180,0.573970855299706,0,UFC/MMA,2023
-300,0.6553754804583167,1,UFC/MMA,2018
-150,0.6290531371385542,1,UFC/MMA,2020
-250,0.7451639018658033,1,UFC/MMA,2025
-180,0.6984933218129984,0,UFC/MMA,2020
-150,0.6234318524213858,0,UFC/MMA,2024
-180,0.5703320650209025,1,UFC/MMA,2021
-350,0.6792060586505011,1,UFC/MMA,2025
-300,0.6543797392687941,1,UFC/MMA,2023
-300,0.6351006179227806,1,UFC/MMA,2018
-180,0.5771750881295401,1,UFC/MMA,2022
-180,0.6248835188374168,0,UFC/MMA,2022
-500,0.7632922178953868,1,UFC/MMA,2022
-400,0.7506054580510143,1,UFC/MMA,2022
-150,0.6000050468934431,0,UFC/MMA,2024
-250,0.6934647376290367,1,UFC/MMA,2020
-300,0.6609796371294577,0,UFC/MMA,2024
-350,0.7134510913193197,0,UFC/MMA,2024
-350,0.7198737886467584,1,UFC/MMA,2025
-450,0.743585147666851,1,UFC/MMA,2019
-250,0.6578452563021965,1,UFC/MMA,2019
-500,0.8290880697830747,1,UFC/MMA,2020
-300,0.7604390427867187,1,UFC/MMA,2020
-300,0.7214114845092312,1,UFC/MMA,2020
-350,0.7136029039866321,1,UFC/MMA,2023
-150,0.6600540481894093,1,UFC/MMA,2020
-150,0.5502105398903757,1,UFC/MMA,2022
-250,0.7095674620879201,1,UFC/MMA,2018
-150,0.5669353234144259,1,UFC/MMA,2018
-150,0.6177267511935498,1,UFC/MMA,2023
-180,0.6359762335391478,0,UFC/MMA,2025
-150,0.7026808634246142,0,UFC/MMA,2019
-180,0.6076878939025642,1,UFC/MMA,2018
-150,0.6497851125087757,1,UFC/MMA,2020
-350,0.7775007914334823,1,UFC/MMA,2024
-250,0.6921502361027201,1,UFC/MMA,2024
-350,0.7228442131518111,1,UFC/MMA,2021
-300,0.7193515418435807,0,UFC/MMA,2020
-200,0.6271524384939476,0,UFC/MMA,2018
-200,0.6624805994258106,0,UFC/MMA,2018
-400,0.7896822432786613,0,UFC/MMA,2024
-200,0.5922345972306976,1,UFC/MMA,2025
-400,0.7021940626619609,1,UFC/MMA,2025
-200,0.613496985322319,1,UFC/MMA,2024
-200,0.5632266652094915,0,UFC/MMA,2020
-150,0.6443952722537093,1,UFC/MMA,2018
-350,0.6550492019770799,0,UFC/MMA,2022
-200,0.6154077617832523,1,UFC/MMA,2021
-250,0.6829883918686642,0,UFC/MMA,2025
-300,0.7274761458980505,1,UFC/MMA,2022
-180,0.6680152398140735,1,UFC/MMA,2021
-400,0.7531241812033427,0,UFC/MMA,2024
-350,0.6369776000037847,0,UFC/MMA,2023
-250,0.7232121807367113,1,UFC/MMA,2019
-200,0.6389576559363062,1,UFC/MMA,2024
-250,0.7415111087825395,1,UFC/MMA,2021
-400,0.7348485088380424,0,UFC/MMA,2020
-180,0.612785602868163,0,UFC/MMA,2022
-300,0.7892048366690229,1,UFC/MMA,2018
-250,0.7085253604177258,0,UFC/MMA,2018
-250,0.7005266007204627,1,UFC/MMA,2023
-180,0.664014253949189,0,UFC/MMA,2023
-250,0.649588674627762,1,UFC/MMA,2020
-250,0.6981557813872262,1,UFC/MMA,2019
-180,0.6929012637782163,0,UFC/MMA,2022
-150,0.5451900422961999,1,UFC/MMA,2019
-250,0.7084051602564323,1,UFC/MMA,2024
-180,0.567517225054503,1,UFC/MMA,2019
-200,0.5493852840035072,0,UFC/MMA,2025
-350,0.734509131874845,1,UFC/MMA,2022
-300,0.595540848101637,1,UFC/MMA,2019
-150,0.596436812964874,0,UFC/MMA,2024
-250,0.7391613586856424,1,UFC/MMA,2021
-200,0.5770593636039656,0,UFC/MMA,2023
-150,0.7021689077902267,1,UFC/MMA,2019
-300,0.6980323945717898,1,UFC/MMA,2023
-300,0.6750015110091548,1,UFC/MMA,2025
-350,0.6502181619555158,1,UFC/MMA,2021
-180,0.6211315426338434,0,UFC/MMA,2025
-500,0.6997218473071857,1,UFC/MMA,2024
-150,0.6788772362384793,1,UFC/MMA,2018
-200,0.6093710686005716,0,UFC/MMA,2020
-250,0.5874078634212672,1,UFC/MMA,2022
-400,0.7691794832399304,1,UFC/MMA,2024
-350,0.744026617027763,1,UFC/MMA,2021
-400,0.7808046760823484,1,UFC/MMA,2023
-250,0.6395309589458623,1,UFC/MMA,2025
-200,0.667835159319283,1,UFC/MMA,2019
-450,0.8163433442875979,1,UFC/MMA,2022
-180,0.730211448464782,1,UFC/MMA,2019
-250,0.6747828603506555,1,UFC/MMA,2019
-150,0.6396653525002661,1,UFC/MMA,2019
-250,0.6910404253944046,0,UFC/MMA,2025
-180,0.5694888798944072,1,UFC/MMA,2020
-400,0.6824544635156384,1,UFC/MMA,2019
-250,0.6959260502399438,1,UFC/MMA,2021
-300,0.6342859344601679,0,UFC/MMA,2018
-180,0.5912027594288136,0,UFC/MMA,2022
-150,0.6018441669422216,1,UFC/MMA,2020
-400,0.6296271569627495,1,UFC/MMA,2020
-180,0.5996309316309094,1,UFC/MMA,2022
-200,0.6935696774174401,1,UFC/MMA,2019
-350,0.7729792436171778,1,UFC/MMA,2025
-150,0.6239900742029366,0,UFC/MMA,2019
-350,0.7383518500363178,1,UFC/MMA,2019
-200,0.6408697565366959,1,UFC/MMA,2024
-300,0.7097745448819629,0,UFC/MMA,2022
-200,0.5905052621768554,1,UFC/MMA,2019
-200,0.6806079344275165,1,UFC/MMA,2022
-400,0.7053427572122926,0,UFC/MMA,2023
-180,0.6773015072071032,1,UFC/MMA,2018
-150,0.5811314257577047,1,UFC/MMA,2021
-180,0.6127374352872506,1,UFC/MMA,2024
-300,0.6639720208736908,1,UFC/MMA,2020
-150,0.6678895807236452,1,UFC/MMA,2018
-200,0.6303801675700312,0,UFC/MMA,2021
-300,0.6868068870065644,1,UFC/MMA,2025
-150,0.5,0,UFC/MMA,2024
-200,0.6172039775738893,1,UFC/MMA,2025
-250,0.6968978764116059,1,UFC/MMA,2018
-350,0.7234631466643381,1,UFC/MMA,2021
-250,0.7352470961115486,0,UFC/MMA,2018
-150,0.6169798135401546,1,UFC/MMA,2024
-150,0.6763890125316949,0,UFC/MMA,2021
-180,0.6311545612529947,1,UFC/MMA,2021
-200,0.6831244947438475,1,UFC/MMA,2018
-250,0.6583613058205806,1,UFC/MMA,2023
-250,0.7196909233571909,1,UFC/MMA,2020
-250,0.6501317617231259,1,UFC/MMA,2019
-400,0.70561630128605,1,UFC/MMA,2025
-250,0.7706703849257712,0,UFC/MMA,2020
-250,0.6628560569221218,1,UFC/MMA,2018
-180,0.6151084593950028,1,UFC/MMA,2023
-250,0.6246029164542503,1,UFC/MMA,2019
-150,0.6397899424354874,1,UFC/MMA,2018
-500,0.7831775405977393,1,UFC/MMA,2024
-400,0.7146917071072245,1,UFC/MMA,2024
-150,0.6567299064151498,0,UFC/MMA,2021
-250,0.6921828611851357,1,UFC/MMA,2022
-400,0.6754895796600285,0,UFC/MMA,2022
-150,0.5803106737990515,1,UFC/MMA,2024
-200,0.6274678100732892,1,UFC/MMA,2021
-200,0.6071829660813753,0,UFC/MMA,2024
-200,0.593097612075493,1,UFC/MMA,2018
-450,0.7539768725120178,1,UFC/MMA,2024
-300,0.6812381769047902,0,UFC/MMA,2022
-500,0.7862229302176259,1,UFC/MMA,2021
-150,0.5298068603718817,1,UFC/MMA,2018
-400,0.8555769798435071,1,UFC/MMA,2020
-150,0.6179724692208882,1,UFC/MMA,2019
-500,0.6914559271437044,0,UFC/MMA,2020
-150,0.6877786467855174,0,UFC/MMA,2025
-200,0.6157590162670129,0,UFC/MMA,2023
-350,0.8055055339965205,1,UFC/MMA,2021
-180,0.6212605433770041,1,UFC/MMA,2020
-180,0.5428440886028565,1,UFC/MMA,2023
-200,0.6235940467859438,0,UFC/MMA,2024
-400,0.753571993324742,1,UFC/MMA,2025
-250,0.6381968923949988,1,UFC/MMA,2023
-180,0.6912247910623474,1,UFC/MMA,2018
-180,0.5824819485729095,0,UFC/MMA,2021
-200,0.5576867993032785,0,UFC/MMA,2019
-250,0.6239378129952805,0,UFC/MMA,2023
-150,0.6664704992395407,0,UFC/MMA,2018
-200,0.6151434445421181,1,UFC/MMA,2019
-150,0.5202935578260371,0,UFC/MMA,2024
-200,0.7246598966104972,0,UFC/MMA,2021
-200,0.5444058290218393,1,UFC/MMA,2020
-300,0.6931107366118427,1,UFC/MMA,2023
-500,0.739503185277667,1,UFC/MMA,2019
-400,0.6557971667537832,1,UFC/MMA,2019
-150,0.6095765894729795,1,UFC/MMA,2022
-200,0.6607212449308295,1,UFC/MMA,2024
-300,0.7892855832307077,1,UFC/MMA,2020
-200,0.5712939076891815,1,UFC/MMA,2025
-400,0.7651713958393654,0,UFC/MMA,2020
-350,0.6731410612098719,1,UFC/MMA,2025
-150,0.575358520134096,0,UFC/MMA,2022
-200,0.5636251950523481,1,UFC/MMA,2018
-500,0.8263954496626784,1,UFC/MMA,2019
-200,0.6723337413640469,1,UFC/MMA,2024
-400,0.7680106748165059,0,UFC/MMA,2021
-350,0.7640681163287653,1,UFC/MMA,2025
-250,0.6223153859330072,1,UFC/MMA,2023
-250,0.6699762695421061,1,UFC/MMA,2020
-350,0.6416494817497225,1,UFC/MMA,2019
-300,0.6473050805837213,1,UFC/MMA,2024
-180,0.621365668992572,0,UFC/MMA,2024
-250,0.6223133604637858,1,UFC/MMA,2024
-180,0.57774356945867,1,UFC/MMA,2023
-300,0.6913517239432445,0,UFC/MMA,2023
-300,0.6637965912395516,1,UFC/MMA,2018
-400,0.822948884722171,1,UFC/MMA,2024
-180,0.6691089493383344,0,UFC/MMA,2023
-150,0.5328889153682362,0,UFC/MMA,2019
-200,0.592697910059164,0,UFC/MMA,2024
-180,0.6239388863933166,1,UFC/MMA,2020
-450,0.8226960455703227,1,UFC/MMA,2024
-400,0.6966575641524217,1,UFC/MMA,2020
-180,0.6298958333671038,1,UFC/MMA,2024
-180,0.6487952218466168,1,UFC/MMA,2024
-250,0.6725284256994456,1,UFC/MMA,2020
-350,0.7719831932215594,1,UFC/MMA,2021
-250,0.6121241230079033,0,UFC/MMA,2022
-450,0.8081667075466938,0,UFC/MMA,2023
-150,0.6455663322081178,1,UFC/MMA,2024
-300,0.6360358608794007,0,UFC/MMA,2024
-350,0.747429755993049,0,UFC/MMA,2021
-150,0.6740860847197547,0,UFC/MMA,2025
-400,0.7071806769331263,0,UFC/MMA,2019
-250,0.6900229815706865,1,UFC/MMA,2023
-450,0.8004452678127316,1,UFC/MMA,2025
-200,0.5104462963717668,0,UFC/MMA,2022
-300,0.6632450260600383,1,UFC/MMA,2019
-200,0.6375185108193169,1,UFC/MMA,2022
-150,0.5777837981408465,0,UFC/MMA,2022
-200,0.5798669304883143,0,UFC/MMA,2023
-250,0.6761391278266026,1,UFC/MMA,2023
-400,0.712970064654507,1,UFC/MMA,2025
-200,0.6450071516556942,1,UFC/MMA,2023
-400,0.7193749317654418,1,UFC/MMA,2025
-250,0.7389474199618334,1,UFC/MMA,2019
-250,0.6552517259815964,1,UFC/MMA,2023
-450,0.7451213750845394,1,UFC/MMA,2022
-150,0.6247867916933282,0,UFC/MMA,2018
-250,0.6503337555185034,1,UFC/MMA,2020
-180,0.6794298411543505,0,UFC/MMA,2022
-400,0.822468107069319,1,UFC/MMA,2018
-150,0.6391541078522409,0,UFC/MMA,2018
-150,0.579762032669063,1,UFC/MMA,2018
-150,0.6361592741229103,1,UFC/MMA,2019
-150,0.6841908429926781,1,UFC/MMA,2019
-150,0.6518859748590958,1,UFC/MMA,2018
-150,0.6424950114704696,1,UFC/MMA,2022
-150,0.5602738530116982,0,UFC/MMA,2020
-180,0.6342901643397366,1,UFC/MMA,2022
-450,0.7469583830101618,0,UFC/MMA,2021
-180,0.601328515249191,1,UFC/MMA,2020
-300,0.650533388428632,0,UFC/MMA,2020
-400,0.7070680681949457,1,UFC/MMA,2021
-200,0.6314573417249556,1,UFC/MMA,2024
-450,0.7677627207622009,1,UFC/MMA,2024
-180,0.6092966151136069,0,UFC/MMA,2022
-450,0.7889702698802555,1,UFC/MMA,2024
-180,0.6175397541913316,0,UFC/MMA,2021
-250,0.7044541939075372,1,UFC/MMA,2020
-200,0.6111041062097801,0,UFC/MMA,2025
-200,0.5743594540351743,1,UFC/MMA,2022
-180,0.6873321715717241,1,UFC/MMA,2022
-180,0.5569394074073846,1,UFC/MMA,2024
-180,0.6173446599151544,0,UFC/MMA,2024
-150,0.5924509098230876,1,UFC/MMA,2018
-180,0.6745242362453819,0,UFC/MMA,2020
-180,0.6799937741890342,1,UFC/MMA,2020
-350,0.7408341559482143,0,UFC/MMA,2025
-200,0.6048324966261432,1,UFC/MMA,2023
-200,0.6734572131967956,0,UFC/MMA,2019
-450,0.7313281254066171,0,UFC/MMA,2019
-350,0.7249762139714148,1,UFC/MMA,2018
-150,0.6171304648499228,1,UFC/MMA,2018
-180,0.6924926759886675,1,UFC/MMA,2021
-400,0.6586938815619412,0,UFC/MMA,2020
-200,0.5751833670703969,1,UFC/MMA,2019
-450,0.7809651168600218,1,UFC/MMA,2025
-500,0.7356831576532588,1,UFC/MMA,2021
-180,0.5778299225771482,1,UFC/MMA,2019
-350,0.700179429601556,1,UFC/MMA,2020
-180,0.6050409113786283,1,UFC/MMA,2018
-200,0.6214039387023995,1,UFC/MMA,2022
-450,0.7752113969564204,1,UFC/MMA,2024
-180,0.6304735041823887,0,UFC/MMA,2019
-200,0.5707732974759016,1,UFC/MMA,2019
-300,0.6415218809417438,1,UFC/MMA,2022
-250,0.7073651337388487,1,UFC/MMA,2023
-250,0.6795943399194125,0,UFC/MMA,2022
-200,0.6279044612661592,1,UFC/MMA,2018
-400,0.8164942699341722,1,UFC/MMA,2019
-180,0.5461492568592786,0,UFC/MMA,2021
-150,0.6027417647275102,1,UFC/MMA,2024
-180,0.6444627267538163,1,UFC/MMA,2019
-180,0.6067189089109731,0,UFC/MMA,2025
-300,0.7318257791752217,0,UFC/MMA,2025
-250,0.7373013787506708,1,UFC/MMA,2024
-350,0.588124677930131,1,UFC/MMA,2022
-350,0.7635849091910629,1,UFC/MMA,2021
-200,0.5913659179920351,1,UFC/MMA,2022
-400,0.6527531326661621,0,UFC/MMA,2018
-250,0.6530347492768366,1,UFC/MMA,2019
-180,0.5467651563153028,0,UFC/MMA,2019
-200,0.6857407322422141,1,UFC/MMA,2019
-450,0.7587171809643874,1,UFC/MMA,2020
-300,0.7494512181481381,1,UFC/MMA,2018
-250,0.6940959394063156,1,UFC/MMA,2023
-250,0.6713631587416499,0,UFC/MMA,2023
-250,0.6642351672356939,1,UFC/MMA,2022
-250,0.6329488649666811,1,UFC/MMA,2024
-180,0.6038260289061687,0,UFC/MMA,2020
-450,0.7120793413713605,1,UFC/MMA,2020
-150,0.6526153075805116,1,UFC/MMA,2024
-200,0.5384332444791463,0,UFC/MMA,2020
-180,0.6665634797997787,0,UFC/MMA,2024
-200,0.6565954953086184,1,UFC/MMA,2018
-200,0.6935517345408552,1,UFC/MMA,2023
-400,0.6950252389916178,1,UFC/MMA,2024
-200,0.5564294408912962,1,UFC/MMA,2023
-400,0.6676353677484923,1,UFC/MMA,2022
-180,0.6455078734457592,1,UFC/MMA,2020
-300,0.7436285081464286,0,UFC/MMA,2023
-350,0.7100781920325611,0,UFC/MMA,2023
-250,0.7421656112422585,1,UFC/MMA,2021
-400,0.6995824617660331,0,UFC/MMA,2023
-150,0.6496265153658881,0,UFC/MMA,2022
-150,0.6263206414716809,1,UFC/MMA,2023
-200,0.5611194496094114,0,UFC/MMA,2021
-150,0.6561413447492757,0,UFC/MMA,2022
-200,0.6255899579101694,0,UFC/MMA,2022
-250,0.6405057845416541,0,UFC/MMA,2019
-350,0.7299047183505621,1,UFC/MMA,2018
-150,0.5676939457468748,0,UFC/MMA,2021
-300,0.7036703707856233,1,UFC/MMA,2020
-250,0.6896676389799158,1,UFC/MMA,2024
-150,0.5874448551492965,0,UFC/MMA,2021
-250,0.7602169554154299,1,UFC/MMA,2019
-300,0.6657452871478994,0,UFC/MMA,2021
-200,0.6492341640958961,1,UFC/MMA,2019
-150,0.6014887204066822,0,UFC/MMA,2021
-200,0.5867288850935269,0,UFC/MMA,2023
-200,0.6560951742719071,0,UFC/MMA,2019
-150,0.6330588403487255,1,UFC/MMA,2025
-250,0.7311600486673994,1,UFC/MMA,2022
-350,0.7307591471270216,0,UFC/MMA,2018
-250,0.631259671203858,1,UFC/MMA,2019
-250,0.7339266773031474,1,UFC/MMA,2022
-350,0.7136131424866,1,UFC/MMA,2018
-400,0.6454664186196774,1,UFC/MMA,2018
-450,0.7210750227066697,0,UFC/MMA,2025
-250,0.6433365658097913,1,UFC/MMA,2022
-150,0.6045249618998103,0,UFC/MMA,2022
-250,0.704309239578097,1,UFC/MMA,2021
-180,0.5225314122338789,0,UFC/MMA,2020
-200,0.5769757963308583,1,UFC/MMA,2021
-350,0.6894512183037138,1,UFC/MMA,2022
-150,0.6913652682144609,1,UFC/MMA,2018
-450,0.7490282623670725,0,UFC/MMA,2024
-150,0.6022439172254751,0,UFC/MMA,2023
-400,0.7507412241017937,1,UFC/MMA,2020
-450,0.7620847260995168,1,UFC/MMA,2025
-150,0.6108073053420395,1,UFC/MMA,2024
-500,0.8040107727951412,1,UFC/MMA,2019
-450,0.7600575128241175,1,UFC/MMA,2020
-500,0.8134386250295386,1,UFC/MMA,2022
-150,0.5606831786445072,1,UFC/MMA,2020
-350,0.7325268171396455,1,UFC/MMA,2021
-250,0.7544901315785677,1,UFC/MMA,2022
-350,0.6896811535440975,1,UFC/MMA,2024
-300,0.6837847470002547,0,UFC/MMA,2023
-300,0.6721818431281714,1,UFC/MMA,2020
-350,0.8001767665977089,1,UFC/MMA,2019
-180,0.5,0,UFC/MMA,2020
-180,0.7474504854358861,1,UFC/MMA,2020
-150,0.5861404881173353,0,UFC/MMA,2021
-450,0.7907775370737116,1,UFC/MMA,2024
-200,0.6162064274657488,1,UFC/MMA,2020
-250,0.5957666211386807,0,UFC/MMA,2019
-150,0.5932879864018537,0,UFC/MMA,2019
-400,0.7375455481812535,1,UFC/MMA,2021
-180,0.5895996928531338,0,UFC/MMA,2018
-250,0.6292760136646294,1,UFC/MMA,2023
-150,0.6492065742409405,1,UFC/MMA,2023
-180,0.650693317307039,1,UFC/MMA,2025
-300,0.6373806616962949,1,UFC/MMA,2021
-150,0.6437682805346006,0,UFC/MMA,2025
-300,0.7174790871653828,1,UFC/MMA,2020
-350,0.7213026788831923,0,UFC/MMA,2020
-200,0.5915275112753945,1,UFC/MMA,2022
-300,0.6737989306305002,1,UFC/MMA,2021
-350,0.7084000310914594,1,UFC/MMA,2024
-150,0.6388941633791617,0,UFC/MMA,2024
-300,0.6551734132259016,1,UFC/MMA,2023
-180,0.5623253787007608,0,UFC/MMA,2019
-350,0.7966038096358387,0,UFC/MMA,2020
-250,0.5869480035333943,1,UFC/MMA,2019
-400,0.7975557044993358,0,UFC/MMA,2024
-300,0.7446372644759104,1,UFC/MMA,2019
-250,0.7232622475171971,1,UFC/MMA,2025
-180,0.6604978406676254,1,UFC/MMA,2023
-150,0.555471928902689,1,UFC/MMA,2025
-150,0.6128370542317904,1,UFC/MMA,2020
-300,0.7284774033444549,1,UFC/MMA,2019
-250,0.7035676245413864,1,UFC/MMA,2022
-500,0.7701573863453164,0,UFC/MMA,2020
-200,0.6814995184219341,0,UFC/MMA,2020
-200,0.7302764784132707,1,UFC/MMA,2022
-300,0.7399668390464126,1,UFC/MMA,2023
-180,0.6320102921973112,0,UFC/MMA,2020
-200,0.6826566412384122,1,UFC/MMA,2025
-400,0.7539720845871634,1,UFC/MMA,2025
-350,0.7265123285385601,0,UFC/MMA,2024
-200,0.5872156140269278,0,UFC/MMA,2023
-150,0.6082144377571665,0,UFC/MMA,2024
-250,0.6523015725711276,1,UFC/MMA,2020
-150,0.6854358339461141,1,UFC/MMA,2024
-350,0.7494802262045994,1,UFC/MMA,2025
-200,0.5089789495532437,1,UFC/MMA,2018
-350,0.8228964380029125,1,UFC/MMA,2025
-300,0.7285402426268602,1,UFC/MMA,2021
-200,0.6142598875620469,1,UFC/MMA,2018
-180,0.6483385863092089,0,UFC/MMA,2023
-250,0.5984721398876348,0,UFC/MMA,2025
-200,0.6227631297939509,0,UFC/MMA,2022
-180,0.6566414540910872,1,UFC/MMA,2020
-350,0.6662883940461602,0,UFC/MMA,2024
-180,0.6228558920275588,0,UFC/MMA,2020
-180,0.6342412639311819,1,UFC/MMA,2020
-250,0.5747625247140493,0,UFC/MMA,2024
-180,0.7221088955267365,0,UFC/MMA,2021
-180,0.5,0,UFC/MMA,2020
-300,0.596210410828175,1,UFC/MMA,2018
-400,0.6681932101984769,0,UFC/MMA,2025
-300,0.742716918037867,1,UFC/MMA,2024
-350,0.7416243309209684,1,UFC/MMA,2018
-300,0.7250748266571366,0,UFC/MMA,2024
-300,0.7611942496405577,1,UFC/MMA,2019
-200,0.639158409487945,0,UFC/MMA,2021
-350,0.7292656792804063,1,UFC/MMA,2024
-450,0.6799248501745961,1,UFC/MMA,2025
-400,0.7470830115976314,1,UFC/MMA,2020
-250,0.6664342510965852,1,UFC/MMA,2023
-250,0.7269990409046411,1,UFC/MMA,2018
-200,0.6005228602708423,0,UFC/MMA,2025
-450,0.7715697932766389,0,UFC/MMA,2020
-150,0.7003789153199755,1,UFC/MMA,2025
-200,0.5813792504494706,0,UFC/MMA,2023
-350,0.7744770615584512,1,UFC/MMA,2018
-250,0.6967219257424261,1,UFC/MMA,2018
-500,0.8439035949178222,0,UFC/MMA,2023
-180,0.6243215094543771,1,UFC/MMA,2020
-300,0.6587948092207951,1,UFC/MMA,2020
-250,0.5889619861098992,0,UFC/MMA,2024
-150,0.5847113258452318,0,UFC/MMA,2020
-150,0.5561832039686732,0,UFC/MMA,2018
-450,0.7284891640553864,1,UFC/MMA,2025
-150,0.5816567980997723,0,UFC/MMA,2021
-350,0.733403613462431,1,UFC/MMA,2020
-300,0.6816249931443932,1,UFC/MMA,2023
-350,0.7702796917497587,1,UFC/MMA,2020
-250,0.6780052808124144,0,UFC/MMA,2025
-400,0.6597880216869205,1,UFC/MMA,2018
-300,0.6432598146394821,1,UFC/MMA,2021
-200,0.5371653740220205,0,UFC/MMA,2024
-150,0.6544582228537168,1,UFC/MMA,2018
-500,0.7358182858856807,0,UFC/MMA,2018
-150,0.6494250393130597,0,UFC/MMA,2024
-200,0.6533436172537895,0,UFC/MMA,2025
-350,0.7496317057825483,1,UFC/MMA,2025
-300,0.702679276175461,0,UFC/MMA,2024
-500,0.7477665466150548,1,UFC/MMA,2019
-500,0.7420956824931664,1,UFC/MMA,2022
-500,0.8216940527462104,1,UFC/MMA,2023
-150,0.5996269946354199,1,UFC/MMA,2019
-150,0.6599029936676171,0,UFC/MMA,2024
-300,0.6211664085464969,0,UFC/MMA,2023
-350,0.6865356506505678,1,UFC/MMA,2020
-180,0.6194566431482514,0,UFC/MMA,2020
-200,0.7475587126251324,1,UFC/MMA,2019
-150,0.6525111196703471,1,UFC/MMA,2018
-150,0.5816939584694665,1,UFC/MMA,2024
-300,0.6235968722596154,1,UFC/MMA,2023
-300,0.5769778481295456,1,UFC/MMA,2024
-250,0.7345483337259711,1,UFC/MMA,2025
-400,0.7409329653378649,0,UFC/MMA,2021
-200,0.5976839742382828,0,UFC/MMA,2020
-400,0.7427213228713361,1,UFC/MMA,2020
-300,0.64891153235834,1,UFC/MMA,2022
-350,0.6376713476097791,1,UFC/MMA,2024
-250,0.6585672736541733,1,UFC/MMA,2024
-150,0.6331951558609379,1,UFC/MMA,2018
-250,0.6722225265685338,0,UFC/MMA,2025
-350,0.6787065947015262,1,UFC/MMA,2023
-400,0.7331165674809561,0,UFC/MMA,2024
-400,0.6912849288947572,1,UFC/MMA,2023
-250,0.7205431557799176,1,UFC/MMA,2018
-200,0.7092387519592548,1,UFC/MMA,2022
-300,0.6806725182309648,0,UFC/MMA,2018
-350,0.7521869645634902,1,UFC/MMA,2019
-350,0.7063361923910878,1,UFC/MMA,2021
-150,0.6353916186256943,0,UFC/MMA,2025
-250,0.7834113020752913,1,UFC/MMA,2022
-150,0.6990731861741664,0,UFC/MMA,2024
-300,0.6645170093907156,1,UFC/MMA,2020
-200,0.6609686634069704,1,UFC/MMA,2019
-200,0.6411944741221993,1,UFC/MMA,2019
-180,0.5436479469589771,1,UFC/MMA,2019
-350,0.7048268828049471,1,UFC/MMA,2025
-200,0.6826270365514615,0,UFC/MMA,2025
-150,0.5810490289240007,0,UFC/MMA,2021
-180,0.6018606836232914,0,UFC/MMA,2022
-150,0.5765611824503172,0,UFC/MMA,2024
-400,0.6632068797915693,1,UFC/MMA,2025
-180,0.6562068279657248,0,UFC/MMA,2020
-400,0.7856589146650353,1,UFC/MMA,2024
-180,0.5653446219699939,0,UFC/MMA,2020
-150,0.5879459366730823,0,UFC/MMA,2023
-180,0.6529527171956709,1,UFC/MMA,2019
-300,0.7360424221823905,1,UFC/MMA,2023
-150,0.5937858628545061,1,UFC/MMA,2020
-200,0.6861372233442568,0,UFC/MMA,2022
-180,0.6115438657178591,1,UFC/MMA,2022
-150,0.6582239110152895,0,UFC/MMA,2020
-150,0.5709765232539051,1,UFC/MMA,2025
-200,0.5820514650548327,0,UFC/MMA,2022
-400,0.6810629581845117,0,UFC/MMA,2022
-250,0.6669912325102203,1,UFC/MMA,2018
-400,0.6971785018192937,1,UFC/MMA,2021
-180,0.6103147310097519,1,UFC/MMA,2021
-300,0.7070143972017848,1,UFC/MMA,2022
-180,0.6287587474654501,0,UFC/MMA,2022
-350,0.6817361830200221,0,UFC/MMA,2018
-150,0.6437794217964291,1,UFC/MMA,2024
-180,0.5326552154327222,0,UFC/MMA,2020
-400,0.6797239992742351,1,UFC/MMA,2023
-150,0.5711876774272733,0,UFC/MMA,2023
-450,0.7526406752443869,1,UFC/MMA,2021
-350,0.7685401109993986,1,UFC/MMA,2021
-200,0.6699857401632721,1,UFC/MMA,2019
-250,0.6350915308423943,1,UFC/MMA,2018
-250,0.5800555546569376,0,UFC/MMA,2019
-350,0.731701479317334,0,UFC/MMA,2023
-400,0.7937488691010409,1,UFC/MMA,2018
-150,0.6298874567769035,0,UFC/MMA,2024
-180,0.6176869391366828,1,UFC/MMA,2018
-150,0.625705074611326,1,UFC/MMA,2021
-180,0.5,0,UFC/MMA,2024
-500,0.7052647409657226,0,UFC/MMA,2022
-200,0.5651889837565718,1,UFC/MMA,2023
-450,0.7666064309150259,1,UFC/MMA,2023
-250,0.702310091814474,0,UFC/MMA,2023
-180,0.6209540813889884,1,UFC/MMA,2025
-180,0.5745615164596013,0,UFC/MMA,2022
-200,0.7042262417301726,1,UFC/MMA,2019
-450,0.7500008986085546,1,UFC/MMA,2022
-180,0.5684928867388586,0,UFC/MMA,2019
-180,0.5534647434334536,0,UFC/MMA,2023
-400,0.6211016133902656,1,UFC/MMA,2024
-450,0.8246051480509667,1,UFC/MMA,2025
-300,0.60617681791891,1,UFC/MMA,2025
-450,0.6753618911204974,1,UFC/MMA,2019
-200,0.6355745429398895,1,UFC/MMA,2022
-250,0.6904027515912028,1,UFC/MMA,2025
-180,0.583843435099137,1,UFC/MMA,2023
-180,0.5817906606681077,0,UFC/MMA,2018
-150,0.6638086965846538,1,UFC/MMA,2023
-450,0.7210119026128013,1,UFC/MMA,2022
-250,0.6601894828859449,1,UFC/MMA,2021
-200,0.6681953467037931,0,UFC/MMA,2019
-350,0.7289950624115173,1,UFC/MMA,2018
-180,0.5542914620447581,1,UFC/MMA,2018
-180,0.6596674661843029,0,UFC/MMA,2018
-250,0.6970912606977484,1,UFC/MMA,2020
-300,0.6769981229155718,1,UFC/MMA,2021
-200,0.6307610366475109,1,UFC/MMA,2021
-400,0.7683275677168886,1,UFC/MMA,2021
-250,0.6579075536379588,1,UFC/MMA,2021
-180,0.6255443191414208,0,UFC/MMA,2019
-200,0.6122813232638036,1,UFC/MMA,2020
-200,0.5769544234703321,1,UFC/MMA,2021
-350,0.6316337467887002,0,UFC/MMA,2018
-250,0.678937761036188,1,UFC/MMA,2024
-250,0.6533913771878278,1,UFC/MMA,2020
-500,0.7892736535228476,0,UFC/MMA,2018
-250,0.6708349645236902,0,UFC/MMA,2025
-300,0.6790102827739647,1,UFC/MMA,2018
-300,0.6820548190966603,1,UFC/MMA,2020
-450,0.7998965517114304,0,UFC/MMA,2021
-150,0.5994487531748414,0,UFC/MMA,2024
-150,0.6710811492036519,1,UFC/MMA,2025
-150,0.6803997019930194,1,UFC/MMA,2024
-200,0.5077164780863752,1,UFC/MMA,2025
-150,0.6282701830149852,0,UFC/MMA,2023
-200,0.5508991215653781,1,UFC/MMA,2022
-200,0.5590407086117403,1,UFC/MMA,2021
-350,0.7247881010250983,1,UFC/MMA,2020
-150,0.6267781708207355,0,UFC/MMA,2020
-300,0.7164259321757268,0,UFC/MMA,2018
-150,0.6420814324209458,0,UFC/MMA,2018
-200,0.599119701611406,1,UFC/MMA,2024
-150,0.58270289367622,1,UFC/MMA,2019
-180,0.5869229278742354,0,UFC/MMA,2024
-250,0.6608392581520692,1,UFC/MMA,2020
-400,0.7570868823808095,1,UFC/MMA,2021
-350,0.7219790309012326,1,UFC/MMA,2023
-300,0.8050450248967141,1,UFC/MMA,2020
-300,0.7123666342756739,1,UFC/MMA,2021
-400,0.6486057030522392,0,UFC/MMA,2023
-200,0.7217936767590897,0,UFC/MMA,2018
-250,0.7034489039074234,1,UFC/MMA,2019
-450,0.8425627328477306,1,UFC/MMA,2018
-150,0.5830292784198655,1,UFC/MMA,2022
-250,0.6785391797073008,1,UFC/MMA,2019
-400,0.7687557560794542,1,UFC/MMA,2023
-400,0.830903869135891,1,UFC/MMA,2025
-250,0.6915268563914153,1,UFC/MMA,2025
-250,0.6627968021647888,1,UFC/MMA,2021
-150,0.6012732924624875,0,UFC/MMA,2022
-250,0.6948519735439938,1,UFC/MMA,2018
-250,0.6162807432765541,1,UFC/MMA,2025
-350,0.6977829866489008,1,UFC/MMA,2025
-250,0.5430429896931264,1,UFC/MMA,2023
-200,0.6312208603972058,1,UFC/MMA,2021
-200,0.645089558388882,1,UFC/MMA,2022
-150,0.6404719265321126,1,UFC/MMA,2022
-500,0.7561664114140427,0,UFC/MMA,2023
-180,0.644308429898325,1,UFC/MMA,2023
-180,0.6037350537838218,1,UFC/MMA,2020
-180,0.6649334580169587,0,UFC/MMA,2018
-150,0.6218848286561961,0,UFC/MMA,2024
-450,0.7747253826523696,0,UFC/MMA,2019
-150,0.5675874418140474,0,UFC/MMA,2023
-180,0.6395183097197688,1,UFC/MMA,2019
-250,0.6723047386512657,1,UFC/MMA,2024
-250,0.7106120007453457,1,UFC/MMA,2024
-350,0.749904738967664,0,UFC/MMA,2020
-150,0.582975494683392,0,UFC/MMA,2020
-300,0.7232412219245506,0,UFC/MMA,2023
-200,0.6866693650110213,1,UFC/MMA,2024
-180,0.6490936978411602,0,UFC/MMA,2024
-400,0.588348485492863,1,UFC/MMA,2022
-350,0.7979594747082013,1,UFC/MMA,2019
-300,0.7336098357969244,1,UFC/MMA,2025
-150,0.6706112211726917,0,UFC/MMA,2019
-180,0.6705137293418008,1,UFC/MMA,2020
-200,0.6177819272244219,1,UFC/MMA,2022
-500,0.7347408987987286,1,UFC/MMA,2018
-500,0.8029406987441949,1,UFC/MMA,2020
-350,0.6434868634757828,1,UFC/MMA,2019
-450,0.8366942872750287,1,UFC/MMA,2019
-250,0.7025544106252783,1,UFC/MMA,2018
-180,0.5966627094712477,1,UFC/MMA,2023
-450,0.7224407814806022,1,UFC/MMA,2023
-450,0.7529089089876932,1,UFC/MMA,2022
-180,0.5341758411627777,0,UFC/MMA,2025
-450,0.7014177678023058,0,UFC/MMA,2022
-250,0.6965823833562882,1,UFC/MMA,2018
-150,0.5676421215654868,1,UFC/MMA,2024
-450,0.7428263446373229,1,UFC/MMA,2023
-180,0.6011716689254495,0,UFC/MMA,2019
-150,0.6147516146218188,1,UFC/MMA,2022
-350,0.7606395370791644,1,UFC/MMA,2020
-200,0.7375885919486027,0,UFC/MMA,2019
-350,0.7023978192418466,0,UFC/MMA,2023
-450,0.7743508240196193,1,UFC/MMA,2023
-150,0.5681928214012402,1,UFC/MMA,2024
-180,0.6380880996051925,0,UFC/MMA,2019
-450,0.7859904855119959,1,UFC/MMA,2020
-250,0.6583063268510406,1,UFC/MMA,2023
-350,0.8161077548904098,1,UFC/MMA,2023
-350,0.7139949761824957,1,UFC/MMA,2022
-150,0.5,1,UFC/MMA,2025
-150,0.6711420735775382,1,UFC/MMA,2021
-350,0.7204776907035392,0,UFC/MMA,2018
-250,0.6177128774883165,1,UFC/MMA,2018
-450,0.7961255035105256,0,UFC/MMA,2025
-400,0.7108062629334608,1,UFC/MMA,2018
-300,0.690114020381061,1,UFC/MMA,2020
-180,0.5065251067751295,0,UFC/MMA,2025
-300,0.669534169168925,1,UFC/MMA,2022
-400,0.7040666640189395,0,UFC/MMA,2019
-180,0.6626600772525777,1,UFC/MMA,2018
-200,0.5906735503453682,0,UFC/MMA,2023
-300,0.6707057281963552,1,UFC/MMA,2025
-450,0.7802537669617315,1,UFC/MMA,2022
-180,0.5388308735029378,0,UFC/MMA,2023
-180,0.5807585048283683,1,UFC/MMA,2025
-250,0.7100628981021818,1,UFC/MMA,2020
-250,0.618372984438986,1,UFC/MMA,2020
-180,0.5857754134693601,0,UFC/MMA,2020
-450,0.849921322767892,1,UFC/MMA,2022
-150,0.5772396808844455,1,UFC/MMA,2023
-250,0.6948731026558909,1,UFC/MMA,2018
-150,0.6269748898073729,1,UFC/MMA,2022
-180,0.638941681634474,1,UFC/MMA,2021
-200,0.6547688618200864,1,UFC/MMA,2025
-200,0.7551513782202541,1,UFC/MMA,2025
-300,0.6684669166680146,1,UFC/MMA,2025
-150,0.5727068346051838,1,UFC/MMA,2020
-200,0.6329978996821846,1,UFC/MMA,2024
-150,0.5575089830205318,0,UFC/MMA,2024
-250,0.6667381229764899,1,UFC/MMA,2024
-150,0.7130628686990265,1,UFC/MMA,2023
-250,0.6326862184134985,1,UFC/MMA,2022
-150,0.5648407809383453,1,UFC/MMA,2024
-180,0.6610276751443949,1,UFC/MMA,2023
-200,0.6531101666973094,0,UFC/MMA,2024
-150,0.564718724914278,1,UFC/MMA,2021
-200,0.6560498476452817,1,UFC/MMA,2019
-400,0.7027406877636839,1,UFC/MMA,2018
-150,0.575481147086996,0,UFC/MMA,2019
-300,0.7113805606296226,1,UFC/MMA,2022
-200,0.6049509843803389,0,UFC/MMA,2025
-300,0.6484281486258409,1,UFC/MMA,2025
-180,0.6120674408265494,1,UFC/MMA,2018
-150,0.6308789768171481,0,UFC/MMA,2019
-150,0.6380184357952431,1,UFC/MMA,2020
-400,0.6844677456408755,0,UFC/MMA,2021
-300,0.6848184620029998,1,UFC/MMA,2020
-300,0.6292185872640877,1,UFC/MMA,2022
-500,0.6960611438076857,1,UFC/MMA,2020
-500,0.8536132952048764,1,UFC/MMA,2018
-450,0.7004702569533972,1,UFC/MMA,2018
-400,0.6576413203129466,0,UFC/MMA,2024
-200,0.621877092074341,1,UFC/MMA,2022
-400,0.7845902669537322,1,UFC/MMA,2018
-400,0.6305092240600426,1,UFC/MMA,2021
-150,0.5862560751784941,0,UFC/MMA,2022
-300,0.70528677162364,1,UFC/MMA,2021
-450,0.7656649431925896,0,UFC/MMA,2022
-200,0.6744307350659676,1,UFC/MMA,2024
-250,0.6904730984865098,0,UFC/MMA,2022
-300,0.742614183097832,1,UFC/MMA,2022
-350,0.7380649771331348,1,UFC/MMA,2018
-200,0.6697829505714351,0,UFC/MMA,2021
-180,0.539248406393606,1,UFC/MMA,2025
-150,0.6790494952652836,1,UFC/MMA,2021
-350,0.7501637281518586,0,UFC/MMA,2021
-200,0.7645851494978384,1,UFC/MMA,2023
-350,0.7439179083222681,1,UFC/MMA,2019
-250,0.6139560822311342,1,UFC/MMA,2020
-400,0.7685700897451884,1,UFC/MMA,2018
